total polygons,1902
0,"[124.0, 28.0, 21, 'r']"
1,"[137.0, 30.0, 11, 'r']"
2,"[123.0, 44.0, 43, 'r']"
3,"[138.0, 23.0, 18, 'r']"
4,"[138.0, 7.0, 245, 'r']"
5,"[125.0, 17.0, 14, 'r']"
6,"[125.0, 25.0, 41, 'r']"
7,"[126.0, 8.0, 235, 'r']"
8,"[138.0, 13.0, 74, 'r']"
9,"[125.0, 18.0, 13, 'r']"
10,"[128.0, 16.0, 20, 'r']"
11,"[111.0, 41.0, 17, 'r']"
12,"[84.0, 38.0, 21, 'r']"
13,"[84.0, 9.0, 62, 'r']"
14,"[144.0, 19.0, 13, 'r']"
15,"[111.0, 55.0, 20, 'r']"
17,"[121.0, 39.0, 14, 'r']"
18,"[103.0, 54.0, 13, 'r']"
19,"[108.0, 56.0, 16, 'r']"
20,"[124.0, 26.0, 14, 'r']"
21,"[147.0, 15.0, 24, 'r']"
22,"[125.0, 17.0, 30, 'r']"
24,"[117.0, 45.0, 34, 'r']"
25,"[93.0, 8.0, 18, 'r']"
27,"[122.0, 14.0, 33, 'r']"
28,"[124.0, 22.0, 28, 'r']"
29,"[139.0, 23.0, 86, 'r']"
30,"[123.0, 15.0, 13, 'r']"
31,"[121.0, 27.0, 12, 'r']"
32,"[84.0, 14.0, 31, 'r']"
33,"[120.0, 33.0, 15, 'r']"
34,"[125.0, 14.0, 53, 'r']"
35,"[120.0, 36.0, 41, 'r']"
36,"[137.0, 30.0, 32, 'r']"
37,"[133.0, 30.0, 39, 'r']"
38,"[84.0, 30.0, 9, 'r']"
39,"[138.0, 16.0, 19, 'r']"
40,"[105.0, 58.0, 40, 'r']"
41,"[135.0, 47.0, 16, 'r']"
42,"[137.0, 11.0, 16, 'r']"
43,"[124.0, 29.0, 23, 'r']"
44,"[142.0, 12.0, 14, 'r']"
45,"[138.0, 25.0, 49, 'r']"
46,"[138.0, 58.0, 36, 'r']"
47,"[137.0, 51.0, 24, 'r']"
48,"[142.0, 21.0, 43, 'r']"
49,"[134.0, 29.0, 20, 'r']"
50,"[93.0, 8.0, 15, 'r']"
51,"[146.0, 11.0, 12, 'r']"
52,"[85.0, 25.0, 49, 'r']"
53,"[103.0, 54.0, 21, 'r']"
54,"[141.0, 18.0, 48, 'r']"
55,"[139.0, 24.0, 14, 'r']"
56,"[138.0, 56.0, 114, 'r']"
57,"[142.0, 19.0, 15, 'r']"
58,"[137.0, 51.0, 54, 'r']"
61,"[142.0, 19.0, 15, 'r']"
63,"[124.0, 17.0, 165, 'r']"
64,"[137.0, 51.0, 23, 'r']"
65,"[146.0, 32.0, 12, 'r']"
66,"[132.0, 26.0, 15, 'r']"
67,"[131.0, 26.0, 242, 'r']"
68,"[85.0, 37.0, 45, 'r']"
69,"[112.0, 51.0, 107, 'r']"
71,"[112.0, 40.0, 17, 'r']"
72,"[85, 26, 221, 'e']"
73,"[93.0, 8.0, 11, 'r']"
75,"[136.0, 7.0, 360, 'r']"
77,"[104.0, 48.0, 18, 'r']"
78,"[84.0, 49.0, 4, 'r']"
79,"[138.0, 23.0, 14, 'r']"
80,"[136.0, 7.0, 45, 'r']"
81,"[120.0, 30.0, 37, 'r']"
82,"[105.0, 48.0, 21, 'r']"
83,"[139.0, 29.0, 29, 'r']"
84,"[124.0, 12.0, 88, 'r']"
85,"[104.0, 49.0, 11, 'r']"
86,"[141.0, 37.0, 18, 'r']"
88,"[178.0, 34.0, 21, 'r']"
89,"[84.0, 13.0, 21, 'r']"
90,"[139.0, 29.0, 20, 'r']"
92,"[84.0, 38.0, 29, 'r']"
93,"[138.0, 23.0, 13, 'r']"
94,"[84.0, 47.0, 90, 'r']"
95,"[118.0, 27.0, 12, 'r']"
97,"[126.0, 15.0, 96, 'r']"
98,"[136.0, 7.0, 608, 'r']"
99,"[84.0, 9.0, 17, 'r']"
101,"[123, 12, 41, 'e']"
102,"[138.0, 22.0, 14, 'r']"
103,"[103.0, 49.0, 21, 'r']"
104,"[136.0, 7.0, 28, 'r']"
105,"[126.0, 11.0, 109, 'r']"
106,"[84.0, 38.0, 23, 'r']"
107,"[125, 29, 587, 'r']"
108,"[127.0, 14.0, 224, 'r']"
109,"[126.0, 53.0, 18, 'r']"
110,"[120.0, 32.0, 60, 'r']"
111,"[136.0, 42.0, 129, 'r']"
112,"[136.0, 9.0, 16, 'r']"
113,"[123.0, 7.0, 50, 'r']"
114,"[124.0, 6.0, 148, 'r']"
115,"[96.0, 19.0, 8, 'r']"
116,"[136.0, 41.0, 15, 'r']"
118,"[144.0, 37.0, 13, 'r']"
119,"[139.0, 16.0, 19, 'r']"
120,"[136.0, 7.0, 87, 'r']"
121,"[138.0, 17.0, 13, 'r']"
122,"[132.0, 26.0, 16, 'r']"
123,"[122.0, 14.0, 23, 'r']"
124,"[124.0, 32.0, 15, 'r']"
125,"[139.0, 23.0, 33, 'r']"
126,"[84.0, 9.0, 8, 'r']"
127,"[106.0, 58.0, 44, 'r']"
128,"[121.0, 48.0, 18, 'r']"
129,"[123.0, 12.0, 14, 'r']"
131,"[178.0, 34.0, 27, 'r']"
132,"[139.0, 10.0, 6, 'r']"
133,"[104.0, 58.0, 77, 'r']"
134,"[136.0, 29.0, 14, 'r']"
135,"[138.0, 17.0, 11, 'r']"
136,"[176.0, 33.0, 19, 'r']"
137,"[139.0, 55.0, 41, 'r']"
138,"[103.0, 49.0, 115, 'r']"
140,"[90.0, 9.0, 16, 'r']"
141,"[123, 9, 332, 'e']"
142,"[120.0, 33.0, 32, 'r']"
143,"[151.0, 12.0, 21, 'r']"
144,"[137.0, 23.0, 337, 'r']"
145,"[138.0, 7.0, 17, 'r']"
146,"[123.0, 16.0, 13, 'r']"
147,"[93.0, 8.0, 12, 'r']"
148,"[102.0, 55.0, 29, 'r']"
149,"[136.0, 41.0, 16, 'r']"
150,"[135.0, 30.0, 10, 'r']"
151,"[124.0, 22.0, 32, 'r']"
152,"[157, 10, 73, 'e']"
154,"[123.0, 27.0, 27, 'r']"
155,"[124.0, 14.0, 21, 'r']"
156,"[120.0, 28.0, 79, 'r']"
157,"[93.0, 8.0, 18, 'r']"
159,"[136.0, 41.0, 17, 'r']"
160,"[136.0, 42.0, 15, 'r']"
161,"[137.0, 7.0, 16, 'r']"
162,"[138.0, 11.0, 14, 'r']"
163,"[127.0, 14.0, 15, 'r']"
164,"[138.0, 14.0, 313, 'r']"
165,"[125.0, 53.0, 23, 'r']"
167,"[122.0, 33.0, 14, 'r']"
168,"[151.0, 7.0, 68, 'r']"
169,"[122.0, 15.0, 23, 'r']"
171,"[125.0, 26.0, 12, 'r']"
172,"[132.0, 30.0, 16, 'r']"
174,"[139.0, 7.0, 145, 'r']"
175,"[111.0, 51.0, 16, 'r']"
176,"[124.0, 26.0, 20, 'r']"
177,"[86.0, 49.0, 15, 'r']"
179,"[119.0, 44.0, 18, 'r']"
180,"[103.0, 51.0, 124, 'r']"
181,"[125.0, 22.0, 13, 'r']"
182,"[138.0, 23.0, 30, 'r']"
183,"[138.0, 23.0, 16, 'r']"
184,"[139.0, 23.0, 34, 'r']"
185,"[137.0, 21.0, 166, 'r']"
186,"[175.0, 34.0, 22, 'r']"
187,"[124.0, 15.0, 17, 'r']"
188,"[104.0, 49.0, 13, 'r']"
189,"[89.0, 31.0, 21, 'r']"
190,"[137.0, 56.0, 16, 'r']"
191,"[124.0, 29.0, 18, 'r']"
192,"[140, 18, 117, 'e']"
193,"[124.0, 15.0, 67, 'r']"
194,"[138.0, 7.0, 35, 'r']"
195,"[140.0, 58.0, 16, 'r']"
196,"[133.0, 35.0, 12, 'r']"
197,"[84.0, 12.0, 83, 'r']"
198,"[138.0, 16.0, 119, 'r']"
199,"[141.0, 37.0, 18, 'r']"
200,"[124.0, 26.0, 15, 'r']"
201,"[125.0, 14.0, 20, 'r']"
202,"[125, 8, 134, 'e']"
203,"[164.0, 22.0, 14, 'r']"
204,"[106.0, 57.0, 74, 'r']"
205,"[136.0, 30.0, 12, 'r']"
206,"[96.0, 20.0, 9, 'r']"
207,"[118.0, 29.0, 222, 'r']"
208,"[146.0, 11.0, 25, 'r']"
209,"[122.0, 15.0, 13, 'r']"
212,"[123.0, 13.0, 67, 'r']"
213,"[132.0, 31.0, 30, 'r']"
214,"[127.0, 16.0, 12, 'r']"
215,"[123, 13, 161, 'e']"
216,"[119.0, 27.0, 14, 'r']"
217,"[138.0, 7.0, 23, 'r']"
218,"[136.0, 7.0, 19, 'r']"
219,"[138.0, 7.0, 14, 'r']"
220,"[178.0, 34.0, 44, 'r']"
221,"[138.0, 24.0, 29, 'r']"
222,"[175.0, 34.0, 20, 'r']"
223,"[121.0, 28.0, 31, 'r']"
224,"[103.0, 58.0, 37, 'r']"
225,"[137.0, 11.0, 43, 'r']"
226,"[139.0, 58.0, 37, 'r']"
227,"[117.0, 45.0, 16, 'r']"
229,"[137.0, 29.0, 102, 'r']"
230,"[104.0, 50.0, 21, 'r']"
231,"[139.0, 22.0, 240, 'r']"
232,"[138.0, 24.0, 13, 'r']"
233,"[137.0, 29.0, 110, 'r']"
234,"[126.0, 13.0, 28, 'r']"
235,"[86.0, 46.0, 17, 'r']"
236,"[140.0, 17.0, 44, 'r']"
237,"[109.0, 44.0, 13, 'r']"
238,"[139.0, 17.0, 17, 'r']"
239,"[123.0, 12.0, 18, 'r']"
240,"[137.0, 39.0, 14, 'r']"
242,"[136.0, 55.0, 18, 'r']"
243,"[123.0, 14.0, 15, 'r']"
244,"[130.0, 45.0, 46, 'r']"
245,"[118.0, 27.0, 13, 'r']"
246,"[120.0, 36.0, 13, 'r']"
247,"[136.0, 42.0, 17, 'r']"
249,"[123.0, 6.0, 69, 'r']"
250,"[125.0, 15.0, 13, 'r']"
251,"[129.0, 12.0, 26, 'r']"
252,"[121.0, 42.0, 19, 'r']"
254,"[141.0, 55.0, 26, 'r']"
255,"[118.0, 27.0, 13, 'r']"
256,"[91.0, 47.0, 12, 'r']"
257,"[84.0, 48.0, 62, 'r']"
258,"[118.0, 27.0, 18, 'r']"
259,"[126.0, 12.0, 13, 'r']"
260,"[123.0, 9.0, 126, 'r']"
261,"[139.0, 17.0, 36, 'r']"
262,"[130.0, 46.0, 21, 'r']"
263,"[126.0, 18.0, 14, 'r']"
264,"[118.0, 26.0, 227, 'r']"
265,"[123.0, 8.0, 12, 'r']"
266,"[139.0, 18.0, 26, 'r']"
267,"[92.0, 25.0, 14, 'r']"
268,"[120.0, 33.0, 15, 'r']"
269,"[133.0, 26.0, 16, 'r']"
270,"[138.0, 7.0, 19, 'r']"
271,"[124.0, 17.0, 77, 'r']"
272,"[142.0, 10.0, 19, 'r']"
276,"[140.0, 7.0, 12, 'r']"
277,"[102.0, 54.0, 15, 'r']"
278,"[141.0, 18.0, 49, 'r']"
279,"[99.0, 6.0, 11, 'r']"
280,"[86.0, 14.0, 20, 'r']"
281,"[102.0, 54.0, 14, 'r']"
282,"[122.0, 26.0, 19, 'r']"
283,"[138.0, 21.0, 12, 'r']"
284,"[138.0, 7.0, 73, 'r']"
285,"[96.0, 20.0, 11, 'r']"
287,"[141.0, 38.0, 44, 'r']"
288,"[121.0, 24.0, 36, 'r']"
289,"[136.0, 53.0, 13, 'r']"
290,"[122.0, 44.0, 16, 'r']"
291,"[141.0, 36.0, 16, 'r']"
292,"[138.0, 8.0, 46, 'r']"
293,"[123, 28, 230, 'r']"
294,"[128.0, 16.0, 59, 'r']"
295,"[93.0, 8.0, 12, 'r']"
297,"[133.0, 34.0, 31, 'r']"
298,"[142.0, 8.0, 92, 'r']"
299,"[128.0, 16.0, 14, 'r']"
302,"[11.0, 54.0, 16, 'r']"
303,"[55.0, 53.0, 57, 'r']"
304,"[46.0, 48.0, 12, 'r']"
305,"[26.0, 79.0, 22, 'r']"
306,"[7.0, 51.0, 12, 'r']"
307,"[36.0, 68.0, 18, 'r']"
308,"[12.0, 74.0, 25, 'r']"
309,"[47.0, 34.0, 17, 'r']"
310,"[75.0, 23.0, 32, 'r']"
311,"[79.0, 18.0, 13, 'r']"
313,"[47.0, 34.0, 14, 'r']"
314,"[75.0, 24.0, 23, 'r']"
315,"[5.0, 64.0, 19, 'r']"
316,"[11.0, 69.0, 36, 'r']"
317,"[37.0, 100.0, 5, 'r']"
318,"[37.0, 96.0, 15, 'r']"
319,"[23.0, 76.0, 32, 'r']"
320,"[83.0, 26.0, 121, 'r']"
321,"[42.0, 36.0, 27, 'r']"
322,"[47.0, 34.0, 15, 'r']"
323,"[84.0, 7.0, 43, 'r']"
324,"[10.0, 69.0, 40, 'r']"
325,"[50.0, 43.0, 16, 'r']"
326,"[11.0, 54.0, 23, 'r']"
327,"[55.0, 53.0, 15, 'r']"
328,"[69.0, 45.0, 18, 'r']"
329,"[70.0, 30.0, 14, 'r']"
330,"[69.0, 45.0, 12, 'r']"
331,"[46.0, 34.0, 17, 'r']"
332,"[47.0, 34.0, 23, 'r']"
334,"[71.0, 38.0, 50, 'r']"
335,"[36.0, 68.0, 16, 'r']"
336,"[25.0, 89.0, 16, 'r']"
337,"[37.0, 96.0, 16, 'r']"
338,"[78.0, 33.0, 23, 'r']"
340,"[51.0, 32.0, 16, 'r']"
341,"[75.0, 37.0, 40, 'r']"
342,"[5.0, 63.0, 34, 'r']"
343,"[36.0, 68.0, 19, 'r']"
344,"[51.0, 43.0, 12, 'r']"
345,"[11.0, 69.0, 30, 'r']"
346,"[79.0, 17.0, 15, 'r']"
347,"[56.0, 53.0, 20, 'r']"
348,"[75.0, 23.0, 23, 'r']"
350,"[12.0, 74.0, 30, 'r']"
351,"[11.0, 54.0, 19, 'r']"
352,"[46.0, 34.0, 17, 'r']"
353,"[13.0, 72.0, 25, 'r']"
354,"[30.0, 84.0, 26, 'r']"
355,"[57, 40, 83, 'e']"
356,"[46.0, 56.0, 53, 'r']"
357,"[12.0, 69.0, 60, 'r']"
358,"[62.0, 48.0, 27, 'r']"
359,"[19.0, 85.0, 13, 'r']"
360,"[23.0, 61.0, 50, 'r']"
361,"[63.0, 28.0, 72, 'r']"
362,"[83.0, 29.0, 83, 'r']"
363,"[78.0, 33.0, 16, 'r']"
364,"[22.0, 77.0, 42, 'r']"
365,"[51.0, 32.0, 16, 'r']"
366,"[63.0, 37.0, 19, 'r']"
367,"[34.0, 97.0, 27, 'r']"
368,"[46.0, 34.0, 22, 'r']"
369,"[61.0, 36.0, 48, 'r']"
370,"[68.0, 29.0, 14, 'r']"
371,"[7, 52, 70, 'e']"
372,"[23.0, 61.0, 50, 'r']"
373,"[78.0, 33.0, 17, 'r']"
374,"[34.0, 100.0, 11, 'r']"
375,"[15.0, 81.0, 19, 'r']"
376,"[34.0, 99.0, 28, 'r']"
377,"[46.0, 47.0, 17, 'r']"
378,"[45.0, 48.0, 26, 'r']"
379,"[7.0, 51.0, 13, 'r']"
380,"[15.0, 80.0, 26, 'r']"
381,"[19.0, 85.0, 12, 'r']"
382,"[46.0, 34.0, 33, 'r']"
383,"[36.0, 90.0, 35, 'r']"
384,"[64.0, 28.0, 52, 'r']"
385,"[37.0, 96.0, 15, 'r']"
386,"[31.0, 46.0, 26, 'r']"
387,"[36.0, 90.0, 15, 'r']"
388,"[7.0, 61.0, 13, 'r']"
390,"[74.0, 37.0, 22, 'r']"
391,"[55.0, 41.0, 26, 'r']"
392,"[12.0, 74.0, 46, 'r']"
393,"[59.0, 38.0, 13, 'r']"
394,"[22.0, 89.0, 11, 'r']"
395,"[34.0, 99.0, 28, 'r']"
396,"[35.0, 52.0, 15, 'r']"
397,"[78.0, 33.0, 18, 'r']"
398,"[54.0, 45.0, 25, 'r']"
399,"[11.0, 69.0, 15, 'r']"
400,"[19.0, 85.0, 11, 'r']"
401,"[37.0, 100.0, 9, 'r']"
402,"[50.0, 43.0, 13, 'r']"
403,"[46.0, 56.0, 20, 'r']"
404,"[78.0, 33.0, 16, 'r']"
405,"[12.0, 53.0, 16, 'r']"
406,"[19.0, 82.0, 11, 'r']"
407,"[5.0, 63.0, 95, 'r']"
408,"[6.0, 63.0, 25, 'r']"
409,"[50.0, 43.0, 16, 'r']"
411,"[83.0, 29.0, 16, 'r']"
412,"[56.0, 40.0, 28, 'r']"
413,"[30.0, 84.0, 19, 'r']"
414,"[40.0, 54.0, 42, 'r']"
415,"[25.0, 87.0, 14, 'r']"
416,"[74.0, 25.0, 19, 'r']"
417,"[47.0, 34.0, 18, 'r']"
418,"[44.0, 59.0, 23, 'r']"
419,"[15.0, 80.0, 17, 'r']"
420,"[51.0, 32.0, 16, 'r']"
421,"[50.0, 43.0, 11, 'r']"
422,"[47.0, 34.0, 19, 'r']"
424,"[24.0, 90.0, 33, 'r']"
425,"[84.0, 30.0, 7, 'r']"
426,"[7.0, 61.0, 44, 'r']"
427,"[36.0, 90.0, 44, 'r']"
428,"[33.0, 47.0, 28, 'r']"
429,"[26.0, 83.0, 20, 'r']"
430,"[78.0, 33.0, 18, 'r']"
431,"[34.0, 49.0, 6, 'r']"
432,"[63.0, 28.0, 20, 'r']"
433,"[32.0, 93.0, 17, 'r']"
434,"[26.0, 64.0, 40, 'r']"
435,"[62.0, 48.0, 80, 'r']"
436,"[47.0, 34.0, 16, 'r']"
437,"[15.0, 80.0, 23, 'r']"
438,"[62.0, 48.0, 32, 'r']"
439,"[5.0, 63.0, 16, 'r']"
440,"[55.0, 53.0, 30, 'r']"
441,"[47.0, 34.0, 29, 'r']"
443,"[38.0, 90.0, 10, 'r']"
444,"[24.0, 83.0, 51, 'r']"
446,"[46.0, 34.0, 22, 'r']"
447,"[19.0, 85.0, 22, 'r']"
448,"[46.0, 34.0, 43, 'r']"
449,"[35.0, 90.0, 18, 'r']"
450,"[46.0, 34.0, 20, 'r']"
451,"[70.0, 27.0, 24, 'r']"
452,"[26.0, 64.0, 24, 'r']"
453,"[8.0, 51.0, 27, 'r']"
454,"[83.0, 29.0, 16, 'r']"
455,"[37.0, 46.0, 43, 'r']"
456,"[46.0, 34.0, 28, 'r']"
457,"[12.0, 74.0, 27, 'r']"
458,"[69.0, 28.0, 13, 'r']"
459,"[62, 29, 482, 'r']"
460,"[139.0, 117.0, 17, 'r']"
461,"[127.0, 79.0, 13, 'r']"
462,"[139.0, 114.0, 25, 'r']"
463,"[123.0, 77.0, 21, 'r']"
464,"[129.0, 115.0, 21, 'r']"
465,"[130.0, 115.0, 25, 'r']"
466,"[129.0, 116.0, 17, 'r']"
467,"[129.0, 116.0, 20, 'r']"
469,"[119.0, 78.0, 5, 'r']"
470,"[130.0, 114.0, 15, 'r']"
472,"[130.0, 111.0, 21, 'r']"
473,"[139.0, 116.0, 24, 'r']"
474,"[118.0, 79.0, 36, 'r']"
475,"[139.0, 115.0, 13, 'r']"
476,"[131.0, 89.0, 31, 'r']"
477,"[130.0, 115.0, 22, 'r']"
478,"[130.0, 115.0, 19, 'r']"
479,"[129.0, 113.0, 20, 'r']"
480,"[118.0, 80.0, 29, 'r']"
481,"[119.0, 78.0, 5, 'r']"
482,"[118.0, 80.0, 30, 'r']"
483,"[132.0, 89.0, 14, 'r']"
484,"[125.0, 98.0, 9, 'r']"
485,"[140.0, 117.0, 27, 'r']"
486,"[130.0, 112.0, 25, 'r']"
487,"[119.0, 78.0, 10, 'r']"
488,"[139.0, 113.0, 21, 'r']"
489,"[122.0, 79.0, 17, 'r']"
490,"[126.0, 91.0, 13, 'r']"
492,"[85.0, 115.0, 22, 'r']"
493,"[93.0, 98.0, 18, 'r']"
494,"[111.0, 88.0, 17, 'r']"
495,"[110.0, 127.0, 15, 'r']"
496,"[101.0, 60.0, 75, 'r']"
497,"[105.0, 97.0, 72, 'r']"
498,"[117.0, 83.0, 33, 'r']"
499,"[96.0, 70.0, 22, 'r']"
500,"[103.0, 58.0, 7, 'r']"
502,"[83.0, 63.0, 13, 'r']"
503,"[101.0, 123.0, 20, 'r']"
505,"[77.0, 97.0, 31, 'r']"
506,"[103.0, 120.0, 15, 'r']"
507,"[96.0, 89.0, 13, 'r']"
508,"[117.0, 83.0, 51, 'r']"
509,"[101.0, 69.0, 18, 'r']"
510,"[105.0, 74.0, 38, 'r']"
511,"[89.0, 124.0, 24, 'r']"
512,"[107.0, 76.0, 38, 'r']"
513,"[96.0, 71.0, 85, 'r']"
514,"[79.0, 109.0, 18, 'r']"
515,"[89.0, 124.0, 37, 'r']"
516,"[105.0, 98.0, 32, 'r']"
517,"[96.0, 69.0, 60, 'r']"
518,"[118.0, 83.0, 13, 'r']"
520,"[79.0, 112.0, 27, 'r']"
521,"[96.0, 122.0, 20, 'r']"
522,"[77.0, 98.0, 6, 'r']"
523,"[92.0, 124.0, 9, 'r']"
524,"[80.0, 103.0, 51, 'r']"
525,"[96.0, 113.0, 40, 'r']"
527,"[98.0, 118.0, 15, 'r']"
528,"[74.0, 120.0, 12, 'r']"
529,"[97.0, 92.0, 40, 'r']"
530,"[93.0, 99.0, 73, 'r']"
531,"[108.0, 88.0, 27, 'r']"
533,"[79.0, 112.0, 27, 'r']"
534,"[111.0, 115.0, 14, 'r']"
535,"[102.0, 60.0, 36, 'r']"
536,"[96.0, 68.0, 20, 'r']"
537,"[89.0, 125.0, 22, 'r']"
538,"[101.0, 113.0, 28, 'r']"
539,"[103.0, 59.0, 17, 'r']"
540,"[75, 119, 462, 'e']"
541,"[109.0, 99.0, 96, 'r']"
542,"[81.0, 113.0, 338, 'r']"
543,"[108.0, 88.0, 48, 'r']"
544,"[78.0, 111.0, 70, 'r']"
545,"[101.0, 60.0, 21, 'r']"
546,"[91.0, 124.0, 9, 'r']"
547,"[107.0, 113.0, 20, 'r']"
550,"[103.0, 64.0, 20, 'r']"
552,"[103.0, 120.0, 57, 'r']"
553,"[111.0, 98.0, 23, 'r']"
554,"[106.0, 59.0, 22, 'r']"
555,"[96.0, 115.0, 16, 'r']"
557,"[78.0, 112.0, 40, 'r']"
559,"[80.0, 115.0, 18, 'r']"
560,"[117.0, 83.0, 34, 'r']"
561,"[102.0, 79.0, 11, 'r']"
562,"[100.0, 117.0, 25, 'r']"
563,"[96.0, 94.0, 38, 'r']"
564,"[96.0, 100.0, 17, 'r']"
565,"[108.0, 89.0, 25, 'r']"
566,"[96.0, 113.0, 29, 'r']"
567,"[93.0, 97.0, 53, 'r']"
569,"[81.0, 103.0, 31, 'r']"
570,"[103.0, 58.0, 26, 'r']"
571,"[100.0, 78.0, 15, 'r']"
572,"[77.0, 99.0, 46, 'r']"
573,"[108.0, 106.0, 33, 'r']"
574,"[77.0, 99.0, 11, 'r']"
575,"[89.0, 125.0, 28, 'r']"
576,"[88.0, 124.0, 26, 'r']"
577,"[78.0, 111.0, 44, 'r']"
578,"[100.0, 78.0, 16, 'r']"
579,"[100.0, 117.0, 75, 'r']"
580,"[92.0, 107.0, 18, 'r']"
582,"[102.0, 60.0, 17, 'r']"
583,"[83.0, 54.0, 74, 'r']"
584,"[96.0, 120.0, 16, 'r']"
585,"[101.0, 69.0, 16, 'r']"
586,"[96.0, 98.0, 17, 'r']"
587,"[103.0, 114.0, 64, 'r']"
588,"[104.0, 61.0, 21, 'r']"
589,"[89.0, 125.0, 25, 'r']"
590,"[98.0, 113.0, 17, 'r']"
591,"[77.0, 107.0, 15, 'r']"
592,"[106.0, 128.0, 34, 'r']"
593,"[101.0, 69.0, 25, 'r']"
594,"[103.0, 122.0, 49, 'r']"
595,"[91.0, 124.0, 9, 'r']"
596,"[92.0, 124.0, 9, 'r']"
597,"[75.0, 128.0, 22, 'r']"
598,"[92.0, 169.0, 23, 'r']"
599,"[101.0, 140.0, 32, 'r']"
600,"[94.0, 154.0, 23, 'r']"
601,"[76.0, 129.0, 53, 'r']"
602,"[116.0, 175.0, 29, 'r']"
603,"[70.0, 154.0, 9, 'r']"
605,"[85.0, 134.0, 35, 'r']"
606,"[128.0, 192.0, 47, 'r']"
607,"[93.0, 168.0, 28, 'r']"
608,"[72.0, 133.0, 19, 'r']"
609,"[129.0, 152.0, 24, 'r']"
610,"[129.0, 152.0, 20, 'r']"
612,"[93.0, 168.0, 134, 'r']"
613,"[72.0, 154.0, 21, 'r']"
614,"[136.0, 154.0, 25, 'r']"
615,"[88.0, 167.0, 45, 'r']"
616,"[112.0, 192.0, 60, 'r']"
617,"[93.0, 168.0, 106, 'r']"
618,"[116.0, 177.0, 16, 'r']"
619,"[110.0, 139.0, 29, 'r']"
620,"[141.0, 177.0, 29, 'r']"
621,"[115.0, 174.0, 26, 'r']"
622,"[70.0, 149.0, 26, 'r']"
623,"[72.0, 133.0, 17, 'r']"
624,"[116.0, 188.0, 9, 'r']"
625,"[98.0, 158.0, 31, 'r']"
626,"[135.0, 153.0, 31, 'r']"
627,"[116.0, 180.0, 26, 'r']"
628,"[117.0, 187.0, 10, 'r']"
629,"[72.0, 133.0, 19, 'r']"
630,"[135.0, 153.0, 25, 'r']"
631,"[116.0, 187.0, 8, 'r']"
632,"[135.0, 154.0, 27, 'r']"
633,"[105.0, 131.0, 27, 'r']"
634,"[130.0, 168.0, 21, 'r']"
635,"[116.0, 187.0, 22, 'r']"
636,"[75.0, 128.0, 71, 'r']"
637,"[121.0, 142.0, 23, 'r']"
638,"[124.0, 171.0, 49, 'r']"
639,"[93.0, 168.0, 139, 'r']"
640,"[93.0, 169.0, 150, 'r']"
641,"[117.0, 175.0, 25, 'r']"
642,"[117.0, 180.0, 22, 'r']"
643,"[116.0, 187.0, 9, 'r']"
644,"[130.0, 166.0, 18, 'r']"
645,"[116.0, 188.0, 9, 'r']"
647,"[117.0, 187.0, 9, 'r']"
648,"[116.0, 181.0, 26, 'r']"
649,"[135.0, 178.0, 22, 'r']"
650,"[87.0, 138.0, 24, 'r']"
651,"[81.0, 158.0, 80, 'r']"
653,"[101.0, 162.0, 23, 'r']"
654,"[113.0, 180.0, 20, 'r']"
656,"[116.0, 188.0, 9, 'r']"
657,"[70.0, 149.0, 28, 'r']"
658,"[90.0, 128.0, 4, 'r']"
659,"[137.0, 166.0, 30, 'r']"
660,"[121.0, 188.0, 17, 'r']"
662,"[112.0, 193.0, 13, 'r']"
663,"[137.0, 192.0, 21, 'r']"
664,"[135.0, 154.0, 31, 'r']"
665,"[113.0, 179.0, 19, 'r']"
666,"[116.0, 187.0, 10, 'r']"
667,"[116.0, 187.0, 10, 'r']"
668,"[115.0, 188.0, 9, 'r']"
669,"[116.0, 188.0, 8, 'r']"
670,"[116.0, 174.0, 20, 'r']"
671,"[137.0, 154.0, 48, 'r']"
672,"[69.0, 149.0, 20, 'r']"
673,"[121.0, 166.0, 25, 'r']"
674,"[131.0, 164.0, 21, 'r']"
675,"[93.0, 168.0, 22, 'r']"
676,"[93.0, 168.0, 34, 'r']"
677,"[142.0, 177.0, 20, 'r']"
678,"[116.0, 187.0, 137, 'r']"
679,"[136.0, 188.0, 21, 'r']"
680,"[112.0, 193.0, 19, 'r']"
681,"[116.0, 189.0, 22, 'r']"
682,"[137, 191, 145, 'e']"
683,"[112.0, 192.0, 10, 'r']"
684,"[118.0, 143.0, 28, 'r']"
685,"[84.0, 133.0, 43, 'r']"
686,"[127.0, 191.0, 45, 'r']"
687,"[112.0, 193.0, 17, 'r']"
688,"[117.0, 187.0, 9, 'r']"
689,"[116.0, 187.0, 9, 'r']"
691,"[117.0, 175.0, 41, 'r']"
692,"[79.0, 148.0, 20, 'r']"
693,"[93.0, 168.0, 18, 'r']"
694,"[124.0, 142.0, 23, 'r']"
695,"[132.0, 152.0, 18, 'r']"
697,"[86.0, 139.0, 15, 'r']"
698,"[93.0, 168.0, 19, 'r']"
700,"[135.0, 153.0, 23, 'r']"
701,"[112.0, 192.0, 32, 'r']"
702,"[75.0, 147.0, 9, 'r']"
703,"[88.0, 130.0, 14, 'r']"
704,"[94.0, 169.0, 22, 'r']"
705,"[131.0, 165.0, 27, 'r']"
706,"[124.0, 171.0, 22, 'r']"
707,"[94.0, 168.0, 19, 'r']"
708,"[116.0, 188.0, 9, 'r']"
709,"[101.0, 155.0, 195, 'r']"
710,"[93.0, 168.0, 62, 'r']"
711,"[136.0, 188.0, 23, 'r']"
712,"[116.0, 188.0, 9, 'r']"
713,"[117.0, 187.0, 9, 'r']"
714,"[116.0, 187.0, 10, 'r']"
715,"[117.0, 187.0, 9, 'r']"
716,"[116.0, 187.0, 10, 'r']"
717,"[90.0, 150.0, 61, 'r']"
718,"[141.0, 177.0, 34, 'r']"
719,"[96.0, 160.0, 54, 'r']"
720,"[74, 153, 8, 'e']"
721,"[116.0, 184.0, 53, 'r']"
722,"[124.0, 171.0, 82, 'r']"
723,"[103.0, 138.0, 23, 'r']"
724,"[101.0, 140.0, 39, 'r']"
725,"[115.0, 188.0, 9, 'r']"
726,"[140.0, 185.0, 21, 'r']"
727,"[134.0, 183.0, 33, 'r']"
728,"[142.0, 177.0, 22, 'r']"
729,"[69.0, 149.0, 25, 'r']"
730,"[101, 141, 18, 'e']"
731,"[81.0, 147.0, 108, 'r']"
732,"[82.0, 152.0, 19, 'r']"
733,"[83.0, 154.0, 5, 'r']"
734,"[75.0, 152.0, 6, 'r']"
735,"[83.0, 147.0, 112, 'r']"
736,"[78.0, 153.0, 7, 'r']"
737,"[70.0, 153.0, 8, 'r']"
738,"[70.0, 154.0, 5, 'r']"
739,"[74.0, 149.0, 70, 'r']"
740,"[76.0, 149.0, 5, 'r']"
741,"[76.0, 149.0, 8, 'r']"
742,"[76.0, 153.0, 6, 'r']"
743,"[70.0, 153.0, 9, 'r']"
744,"[83.0, 147.0, 10, 'r']"
745,"[74.0, 148.0, 10, 'r']"
746,"[75.0, 147.0, 27, 'r']"
747,"[75.0, 155.0, 8, 'r']"
748,"[76.0, 149.0, 7, 'r']"
749,"[79.0, 148.0, 6, 'r']"
750,"[70.0, 153.0, 8, 'r']"
751,"[71.0, 154.0, 13, 'r']"
752,"[82.0, 147.0, 134, 'r']"
753,"[79.0, 148.0, 16, 'r']"
754,"[75.0, 152.0, 9, 'r']"
755,"[70.0, 153.0, 9, 'r']"
756,"[71.0, 154.0, 10, 'r']"
757,"[71.0, 153.0, 7, 'r']"
758,"[74.0, 148.0, 13, 'r']"
759,"[74.0, 155.0, 8, 'r']"
760,"[75.0, 152.0, 5, 'r']"
761,"[81.0, 149.0, 12, 'r']"
762,"[70.0, 154.0, 19, 'r']"
763,"[73.0, 155.0, 11, 'r']"
764,"[74.0, 150.0, 86, 'r']"
765,"[74.0, 149.0, 79, 'r']"
766,"[70.0, 153.0, 10, 'r']"
767,"[70.0, 154.0, 22, 'r']"
768,"[72.0, 155.0, 8, 'r']"
770,"[74.0, 155.0, 15, 'r']"
771,"[74.0, 148.0, 16, 'r']"
772,"[74.0, 149.0, 10, 'r']"
773,"[74.0, 152.0, 9, 'r']"
774,"[74.0, 152.0, 6, 'r']"
775,"[75.0, 151.0, 6, 'r']"
776,"[78.0, 153.0, 6, 'r']"
777,"[70.0, 154.0, 11, 'r']"
778,"[83.0, 152.0, 10, 'r']"
779,"[81.0, 153.0, 6, 'r']"
780,"[74.0, 155.0, 6, 'r']"
781,"[74.0, 150.0, 5, 'r']"
782,"[74.0, 149.0, 74, 'r']"
783,"[76.0, 151.0, 7, 'r']"
784,"[72.0, 154.0, 13, 'r']"
785,"[74.0, 147.0, 7, 'r']"
786,"[73.0, 156.0, 9, 'r']"
788,"[74, 153, 77, 'e']"
790,"[81.0, 158.0, 8, 'r']"
791,"[90.0, 150.0, 63, 'r']"
793,"[110.0, 130.0, 107, 'r']"
794,"[81.0, 158.0, 10, 'r']"
795,"[86.0, 146.0, 11, 'r']"
796,"[82.0, 144.0, 10, 'r']"
797,"[89.0, 157.0, 6, 'r']"
799,"[101, 141, 18, 'e']"
800,"[105.0, 131.0, 10, 'r']"
801,"[86.0, 138.0, 10, 'r']"
802,"[106.0, 127.0, 173, 'r']"
804,"[110.0, 155.0, 218, 'r']"
805,"[79.0, 144.0, 6, 'r']"
806,"[81.0, 158.0, 9, 'r']"
807,"[82.0, 144.0, 9, 'r']"
808,"[87.0, 138.0, 11, 'r']"
809,"[100.0, 141.0, 12, 'r']"
810,"[101.0, 140.0, 15, 'r']"
811,"[101.0, 155.0, 179, 'r']"
813,"[111.0, 131.0, 90, 'r']"
814,"[109.0, 157.0, 116, 'r']"
815,"[74.0, 143.0, 8, 'r']"
816,"[80.0, 159.0, 59, 'r']"
817,"[81.0, 158.0, 8, 'r']"
818,"[103.0, 138.0, 16, 'r']"
819,"[110.0, 139.0, 37, 'r']"
820,"[111.0, 155.0, 10, 'r']"
821,"[69, 152, 104, 'e']"
822,"[91.0, 158.0, 44, 'r']"
823,"[101.0, 140.0, 22, 'r']"
824,"[101.0, 140.0, 27, 'r']"
826,"[110.0, 157.0, 13, 'r']"
827,"[110.0, 135.0, 287, 'r']"
828,"[68.0, 154.0, 53, 'r']"
829,"[82.0, 144.0, 10, 'r']"
830,"[86.0, 139.0, 11, 'r']"
831,"[111.0, 131.0, 9, 'r']"
832,"[74.0, 145.0, 66, 'r']"
836,"[91.0, 158.0, 7, 'r']"
839,"[81.0, 114.0, 9, 'r']"
840,"[83.0, 117.0, 18, 'r']"
841,"[94.0, 114.0, 21, 'r']"
842,"[80.0, 114.0, 9, 'r']"
843,"[77.0, 101.0, 6, 'r']"
844,"[96.0, 122.0, 21, 'r']"
845,"[79.0, 108.0, 19, 'r']"
846,"[79.0, 101.0, 15, 'r']"
847,"[77.0, 107.0, 20, 'r']"
848,"[82.0, 108.0, 12, 'r']"
849,"[78.0, 111.0, 102, 'r']"
850,"[82.0, 114.0, 5, 'r']"
852,"[83.0, 117.0, 12, 'r']"
853,"[80.0, 115.0, 6, 'r']"
854,"[78.0, 111.0, 107, 'r']"
855,"[96.0, 120.0, 16, 'r']"
856,"[98.0, 118.0, 15, 'r']"
857,"[79.0, 101.0, 16, 'r']"
858,"[74.0, 120.0, 28, 'r']"
859,"[96.0, 115.0, 18, 'r']"
860,"[96.0, 113.0, 52, 'r']"
861,"[82.0, 114.0, 6, 'r']"
862,"[80.0, 114.0, 10, 'r']"
863,"[85.0, 117.0, 35, 'r']"
864,"[96.0, 122.0, 17, 'r']"
865,"[78.0, 106.0, 14, 'r']"
866,"[81.0, 108.0, 11, 'r']"
867,"[80.0, 114.0, 5, 'r']"
868,"[81.0, 114.0, 7, 'r']"
870,"[94.0, 115.0, 23, 'r']"
871,"[97.0, 124.0, 8, 'r']"
872,"[79.0, 101.0, 16, 'r']"
873,"[97.0, 124.0, 8, 'r']"
874,"[96.0, 122.0, 16, 'r']"
875,"[79.0, 112.0, 31, 'r']"
876,"[82.0, 107.0, 73, 'r']"
877,"[81.0, 114.0, 5, 'r']"
878,"[85.0, 117.0, 9, 'r']"
879,"[82.0, 105.0, 16, 'r']"
880,"[94.0, 114.0, 20, 'r']"
881,"[78.0, 111.0, 16, 'r']"
882,"[78.0, 106.0, 6, 'r']"
883,"[94.0, 114.0, 8, 'r']"
884,"[96.0, 115.0, 21, 'r']"
885,"[78.0, 111.0, 16, 'r']"
886,"[95.0, 122.0, 47, 'r']"
887,"[81.0, 113.0, 5, 'r']"
888,"[81.0, 113.0, 402, 'r']"
890,"[116.0, 187.0, 7, 'r']"
891,"[113.0, 181.0, 7, 'r']"
892,"[113.0, 180.0, 10, 'r']"
895,"[117.0, 180.0, 11, 'r']"
896,"[89.0, 167.0, 7, 'r']"
897,"[116.0, 174.0, 7, 'r']"
898,"[130.0, 168.0, 9, 'r']"
899,"[116.0, 187.0, 186, 'r']"
900,"[93.0, 169.0, 7, 'r']"
901,"[105.0, 172.0, 6, 'r']"
902,"[94.0, 169.0, 12, 'r']"
903,"[116.0, 175.0, 23, 'r']"
904,"[89.0, 167.0, 8, 'r']"
905,"[116.0, 188.0, 11, 'r']"
906,"[117.0, 187.0, 7, 'r']"
907,"[92.0, 169.0, 25, 'r']"
908,"[124.0, 171.0, 31, 'r']"
909,"[93.0, 169.0, 9, 'r']"
910,"[93.0, 169.0, 9, 'r']"
911,"[93.0, 169.0, 92, 'r']"
912,"[92.0, 169.0, 7, 'r']"
913,"[112.0, 192.0, 38, 'r']"
914,"[92.0, 169.0, 6, 'r']"
915,"[93.0, 169.0, 7, 'r']"
916,"[98.0, 158.0, 10, 'r']"
917,"[93.0, 168.0, 8, 'r']"
918,"[115.0, 188.0, 9, 'r']"
919,"[121.0, 166.0, 13, 'r']"
920,"[116.0, 187.0, 7, 'r']"
921,"[124.0, 171.0, 9, 'r']"
922,"[127.0, 188.0, 11, 'r']"
923,"[130.0, 166.0, 7, 'r']"
924,"[92.0, 169.0, 11, 'r']"
926,"[92.0, 169.0, 5, 'r']"
927,"[88.0, 168.0, 6, 'r']"
928,"[93.0, 168.0, 7, 'r']"
930,"[102.0, 174.0, 7, 'r']"
931,"[93.0, 169.0, 7, 'r']"
932,"[127.0, 191.0, 8, 'r']"
933,"[137, 191, 123, 'e']"
934,"[131.0, 165.0, 15, 'r']"
935,"[93.0, 169.0, 10, 'r']"
936,"[116.0, 188.0, 9, 'r']"
937,"[117.0, 175.0, 16, 'r']"
938,"[92.0, 169.0, 9, 'r']"
939,"[116.0, 188.0, 9, 'r']"
940,"[94.0, 169.0, 7, 'r']"
941,"[93.0, 169.0, 7, 'r']"
942,"[109, 168, 112, 'r']"
943,"[93.0, 169.0, 7, 'r']"
944,"[117.0, 187.0, 7, 'r']"
945,"[115.0, 188.0, 9, 'r']"
946,"[136.0, 188.0, 9, 'r']"
947,"[116.0, 187.0, 7, 'r']"
948,"[116.0, 184.0, 57, 'r']"
949,"[93.0, 168.0, 52, 'r']"
950,"[92.0, 169.0, 7, 'r']"
951,"[133.0, 179.0, 28, 'r']"
952,"[117.0, 187.0, 7, 'r']"
953,"[116.0, 187.0, 9, 'r']"
954,"[92.0, 169.0, 15, 'r']"
955,"[93.0, 168.0, 57, 'r']"
956,"[136.0, 188.0, 9, 'r']"
957,"[93.0, 169.0, 10, 'r']"
958,"[93.0, 168.0, 7, 'r']"
959,"[93.0, 164.0, 11, 'r']"
960,"[141.0, 177.0, 17, 'r']"
961,"[116.0, 181.0, 15, 'r']"
962,"[93.0, 168.0, 30, 'r']"
964,"[93.0, 169.0, 7, 'r']"
965,"[92.0, 169.0, 7, 'r']"
967,"[92.0, 169.0, 8, 'r']"
968,"[89, 168, 22, 'e']"
969,"[116.0, 180.0, 19, 'r']"
970,"[93.0, 168.0, 16, 'r']"
971,"[121.0, 188.0, 35, 'r']"
972,"[116.0, 189.0, 35, 'r']"
973,"[113.0, 179.0, 9, 'r']"
974,"[92.0, 169.0, 9, 'r']"
975,"[127.0, 163.0, 6, 'r']"
976,"[105.0, 178.0, 6, 'r']"
977,"[116.0, 188.0, 8, 'r']"
978,"[96.0, 160.0, 93, 'r']"
979,"[93.0, 168.0, 7, 'r']"
980,"[92.0, 170.0, 6, 'r']"
981,"[93.0, 169.0, 14, 'r']"
982,"[116.0, 187.0, 7, 'r']"
984,"[137.0, 166.0, 14, 'r']"
985,"[116.0, 188.0, 9, 'r']"
986,"[116.0, 178.0, 10, 'r']"
987,"[92.0, 168.0, 7, 'r']"
988,"[116.0, 187.0, 22, 'r']"
989,"[116.0, 187.0, 7, 'r']"
990,"[115.0, 174.0, 10, 'r']"
991,"[117.0, 187.0, 7, 'r']"
992,"[116.0, 188.0, 9, 'r']"
993,"[104.0, 164.0, 7, 'r']"
994,"[121.0, 188.0, 26, 'r']"
995,"[124.0, 171.0, 25, 'r']"
996,"[124.0, 171.0, 10, 'r']"
997,"[91.0, 163.0, 31, 'r']"
998,"[112.0, 192.0, 71, 'r']"
999,"[92.0, 169.0, 10, 'r']"
1000,"[131.0, 164.0, 7, 'r']"
1001,"[93.0, 168.0, 7, 'r']"
1002,"[92.0, 169.0, 9, 'r']"
1003,"[137.0, 191.0, 7, 'r']"
1004,"[116.0, 187.0, 7, 'r']"
1005,"[94.0, 168.0, 9, 'r']"
1006,"[117.0, 187.0, 7, 'r']"
1007,"[93.0, 168.0, 10, 'r']"
1008,"[129.0, 166.0, 47, 'r']"
1010,"[92.0, 169.0, 13, 'r']"
1011,"[134.0, 166.0, 5, 'r']"
1012,"[134.0, 165.0, 11, 'r']"
1013,"[125.0, 171.0, 21, 'r']"
1014,"[132.0, 177.0, 12, 'r']"
1015,"[105.0, 168.0, 15, 'r']"
1016,"[117.0, 189.0, 5, 'r']"
1018,"[133.0, 183.0, 6, 'r']"
1019,"[135.0, 183.0, 6, 'r']"
1020,"[169.0, 191.0, 11, 'r']"
1021,"[167.0, 190.0, 15, 'r']"
1022,"[137.0, 185.0, 5, 'r']"
1023,"[136.0, 186.0, 5, 'r']"
1024,"[168.0, 191.0, 133, 'r']"
1025,"[160.0, 186.0, 10, 'r']"
1026,"[167.0, 190.0, 147, 'r']"
1027,"[156.0, 192.0, 7, 'r']"
1028,"[163.0, 192.0, 18, 'r']"
1029,"[167.0, 190.0, 9, 'r']"
1031,"[167.0, 190.0, 23, 'r']"
1032,"[163, 193, 256, 'e']"
1033,"[168.0, 191.0, 6, 'r']"
1034,"[168.0, 191.0, 9, 'r']"
1035,"[168.0, 191.0, 24, 'r']"
1036,"[135.0, 185.0, 6, 'r']"
1037,"[135.0, 185.0, 5, 'r']"
1038,"[166.0, 190.0, 298, 'r']"
1039,"[137.0, 185.0, 6, 'r']"
1040,"[161.0, 187.0, 4, 'r']"
1041,"[154.0, 187.0, 8, 'r']"
1042,"[158.0, 188.0, 5, 'r']"
1043,"[158.0, 188.0, 22, 'r']"
1044,"[166.0, 189.0, 7, 'r']"
1045,"[166.0, 191.0, 7, 'r']"
1046,"[166.0, 191.0, 14, 'r']"
1047,"[166.0, 191.0, 7, 'r']"
1048,"[166.0, 191.0, 10, 'r']"
1049,"[166.0, 190.0, 6, 'r']"
1050,"[166.0, 190.0, 42, 'r']"
1051,"[166.0, 190.0, 11, 'r']"
1052,"[164.0, 191.0, 38, 'r']"
1053,"[164.0, 191.0, 13, 'r']"
1054,"[168.0, 191.0, 30, 'r']"
1055,"[168.0, 191.0, 48, 'r']"
1056,"[129.0, 180.0, 9, 'r']"
1057,"[168.0, 190.0, 9, 'r']"
1058,"[168.0, 190.0, 20, 'r']"
1059,"[134.0, 182.0, 7, 'r']"
1060,"[133.0, 183.0, 5, 'r']"
1061,"[169.0, 191.0, 15, 'r']"
1062,"[136.0, 186.0, 6, 'r']"
1063,"[136.0, 185.0, 5, 'r']"
1064,"[140.0, 184.0, 6, 'r']"
1065,"[156.0, 186.0, 10, 'r']"
1066,"[158.0, 188.0, 5, 'r']"
1067,"[166.0, 189.0, 6, 'r']"
1068,"[163.0, 192.0, 17, 'r']"
1069,"[164.0, 191.0, 28, 'r']"
1070,"[166.0, 190.0, 20, 'r']"
1071,"[165.0, 191.0, 125, 'r']"
1072,"[164.0, 193.0, 7, 'r']"
1073,"[163.0, 193.0, 32, 'r']"
1074,"[166.0, 190.0, 91, 'r']"
1076,"[166.0, 191.0, 34, 'r']"
1077,"[167.0, 190.0, 34, 'r']"
1078,"[168.0, 191.0, 14, 'r']"
1079,"[168.0, 190.0, 12, 'r']"
1080,"[129.0, 180.0, 8, 'r']"
1081,"[134.0, 182.0, 5, 'r']"
1082,"[134.0, 183.0, 27, 'r']"
1083,"[135.0, 185.0, 6, 'r']"
1084,"[169.0, 191.0, 37, 'r']"
1085,"[136.0, 186.0, 5, 'r']"
1086,"[136.0, 185.0, 7, 'r']"
1087,"[136.0, 185.0, 5, 'r']"
1088,"[168.0, 191.0, 65, 'r']"
1089,"[168.0, 190.0, 15, 'r']"
1090,"[169.0, 191.0, 13, 'r']"
1091,"[139.0, 185.0, 5, 'r']"
1092,"[146.0, 186.0, 13, 'r']"
1093,"[157.0, 187.0, 15, 'r']"
1094,"[157.0, 187.0, 21, 'r']"
1095,"[158.0, 188.0, 10, 'r']"
1096,"[158.0, 188.0, 5, 'r']"
1097,"[162.0, 193.0, 8, 'r']"
1098,"[166.0, 189.0, 5, 'r']"
1099,"[164.0, 191.0, 77, 'r']"
1100,"[165.0, 191.0, 34, 'r']"
1101,"[166.0, 191.0, 6, 'r']"
1102,"[166.0, 190.0, 28, 'r']"
1103,"[166.0, 191.0, 8, 'r']"
1104,"[166.0, 190.0, 11, 'r']"
1107,"[127.0, 179.0, 60, 'r']"
1108,"[168.0, 190.0, 8, 'r']"
1109,"[132.0, 182.0, 9, 'r']"
1110,"[135.0, 185.0, 5, 'r']"
1111,"[135.0, 185.0, 5, 'r']"
1112,"[169.0, 191.0, 20, 'r']"
1113,"[169.0, 190.0, 37, 'r']"
1114,"[169.0, 190.0, 14, 'r']"
1115,"[140.0, 184.0, 9, 'r']"
1116,"[137.0, 185.0, 6, 'r']"
1117,"[168.0, 190.0, 48, 'r']"
1118,"[167.0, 190.0, 129, 'r']"
1119,"[168.0, 190.0, 10, 'r']"
1120,"[137.0, 185.0, 8, 'r']"
1121,"[160.0, 186.0, 14, 'r']"
1122,"[166.0, 189.0, 11, 'r']"
1123,"[166.0, 190.0, 104, 'r']"
1124,"[166.0, 189.0, 8, 'r']"
1125,"[164.0, 191.0, 28, 'r']"
1126,"[164.0, 191.0, 11, 'r']"
1127,"[166.0, 190.0, 35, 'r']"
1128,"[163.0, 192.0, 29, 'r']"
1129,"[164.0, 193.0, 33, 'r']"
1130,"[166.0, 190.0, 78, 'r']"
1131,"[166.0, 190.0, 28, 'r']"
1132,"[166.0, 190.0, 13, 'r']"
1133,"[167.0, 190.0, 11, 'r']"
1134,"[168.0, 191.0, 16, 'r']"
1135,"[168.0, 191.0, 19, 'r']"
1136,"[168.0, 191.0, 20, 'r']"
1137,"[163.0, 192.0, 483, 'r']"
1138,"[168.0, 190.0, 13, 'r']"
1139,"[168.0, 190.0, 6, 'r']"
1140,"[167.0, 190.0, 11, 'r']"
1141,"[131.0, 183.0, 6, 'r']"
1142,"[133.0, 183.0, 8, 'r']"
1143,"[135.0, 185.0, 5, 'r']"
1144,"[169.0, 191.0, 94, 'r']"
1145,"[167.0, 190.0, 14, 'r']"
1146,"[137.0, 185.0, 5, 'r']"
1147,"[140.0, 184.0, 7, 'r']"
1148,"[166.0, 190.0, 15, 'r']"
1149,"[164.0, 193.0, 9, 'r']"
1150,"[163.0, 192.0, 29, 'r']"
1151,"[165.0, 193.0, 5, 'r']"
1152,"[164.0, 192.0, 95, 'r']"
1154,"[166.0, 189.0, 130, 'r']"
1155,"[166.0, 190.0, 82, 'r']"
1156,"[166.0, 190.0, 110, 'r']"
1157,"[168.0, 191.0, 18, 'r']"
1158,"[168.0, 191.0, 8, 'r']"
1159,"[168.0, 190.0, 11, 'r']"
1160,"[167.0, 190.0, 569, 'r']"
1161,"[168.0, 190.0, 12, 'r']"
1162,"[168.0, 190.0, 11, 'r']"
1163,"[168.0, 190.0, 6, 'r']"
1164,"[168.0, 190.0, 8, 'r']"
1165,"[168.0, 190.0, 5, 'r']"
1166,"[168.0, 190.0, 6, 'r']"
1167,"[168.0, 190.0, 4, 'r']"
1168,"[168.0, 191.0, 19, 'r']"
1169,"[168.0, 190.0, 8, 'r']"
1170,"[167.0, 190.0, 12, 'r']"
1171,"[167.0, 190.0, 13, 'r']"
1172,"[167.0, 190.0, 12, 'r']"
1173,"[169.0, 191.0, 13, 'r']"
1174,"[169.0, 191.0, 21, 'r']"
1175,"[136.0, 185.0, 5, 'r']"
1176,"[136.0, 185.0, 10, 'r']"
1177,"[140.0, 184.0, 9, 'r']"
1178,"[149.0, 186.0, 7, 'r']"
1179,"[156.0, 186.0, 8, 'r']"
1180,"[161.0, 188.0, 7, 'r']"
1181,"[165.0, 191.0, 153, 'r']"
1182,"[164.0, 192.0, 52, 'r']"
1183,"[165.0, 191.0, 52, 'r']"
1184,"[165.0, 193.0, 41, 'r']"
1185,"[165.0, 193.0, 27, 'r']"
1187,"[158.0, 190.0, 108, 'r']"
1188,"[158.0, 191.0, 39, 'r']"
1189,"[149.0, 186.0, 15, 'r']"
1190,"[166.0, 190.0, 37, 'r']"
1191,"[166.0, 190.0, 6, 'r']"
1192,"[166.0, 190.0, 22, 'r']"
1193,"[167.0, 190.0, 6, 'r']"
1194,"[167.0, 190.0, 8, 'r']"
1195,"[160.0, 191.0, 662, 'r']"
1196,"[129.0, 180.0, 9, 'r']"
1197,"[167.0, 190.0, 11, 'r']"
1198,"[135.0, 185.0, 6, 'r']"
1199,"[136.0, 186.0, 5, 'r']"
1200,"[136.0, 185.0, 6, 'r']"
1201,"[136.0, 185.0, 5, 'r']"
1202,"[168.0, 190.0, 155, 'r']"
1203,"[167.0, 190.0, 263, 'r']"
1204,"[139.0, 185.0, 6, 'r']"
1205,"[146.0, 186.0, 11, 'r']"
1206,"[156.0, 186.0, 30, 'r']"
1207,"[156.0, 187.0, 5, 'r']"
1208,"[158.0, 188.0, 5, 'r']"
1209,"[158.0, 188.0, 18, 'r']"
1210,"[160.0, 188.0, 10, 'r']"
1211,"[160.0, 188.0, 12, 'r']"
1212,"[165.0, 188.0, 6, 'r']"
1213,"[166.0, 190.0, 45, 'r']"
1214,"[164.0, 192.0, 21, 'r']"
1215,"[163.0, 192.0, 151, 'r']"
1216,"[164.0, 191.0, 7, 'r']"
1217,"[164.0, 191.0, 8, 'r']"
1218,"[163.0, 193.0, 75, 'r']"
1219,"[166.0, 190.0, 276, 'r']"
1220,"[166.0, 191.0, 49, 'r']"
1222,"[168.0, 191.0, 26, 'r']"
1223,"[168.0, 191.0, 10, 'r']"
1224,"[168.0, 190.0, 18, 'r']"
1225,"[169.0, 190.0, 12, 'r']"
1226,"[169.0, 190.0, 11, 'r']"
1227,"[101.0, 69.0, 9, 'r']"
1228,"[98.0, 69.0, 12, 'r']"
1229,"[118.0, 80.0, 25, 'r']"
1230,"[111.0, 88.0, 32, 'r']"
1231,"[119.0, 78.0, 5, 'r']"
1232,"[111.0, 88.0, 10, 'r']"
1233,"[117.0, 79.0, 13, 'r']"
1234,"[100.0, 100.0, 171, 'r']"
1235,"[93.0, 98.0, 11, 'r']"
1236,"[119.0, 78.0, 8, 'r']"
1237,"[101.0, 93.0, 11, 'r']"
1238,"[111.0, 88.0, 10, 'r']"
1239,"[112.0, 79.0, 10, 'r']"
1240,"[111.0, 88.0, 15, 'r']"
1241,"[119.0, 78.0, 6, 'r']"
1242,"[78.0, 100.0, 9, 'r']"
1243,"[113.0, 91.0, 6, 'r']"
1244,"[111.0, 88.0, 12, 'r']"
1245,"[101.0, 69.0, 8, 'r']"
1246,"[77.0, 99.0, 11, 'r']"
1247,"[76.0, 99.0, 7, 'r']"
1248,"[106.0, 82.0, 11, 'r']"
1249,"[100.0, 101.0, 13, 'r']"
1250,"[97.0, 93.0, 13, 'r']"
1251,"[111.0, 88.0, 22, 'r']"
1252,"[99.0, 69.0, 11, 'r']"
1253,"[76.0, 100.0, 8, 'r']"
1254,"[103.0, 74.0, 12, 'r']"
1255,"[96.0, 94.0, 9, 'r']"
1256,"[101.0, 99.0, 10, 'r']"
1257,"[101.0, 69.0, 8, 'r']"
1258,"[120.0, 81.0, 53, 'r']"
1259,"[112.0, 80.0, 27, 'r']"
1260,"[100.0, 69.0, 13, 'r']"
1261,"[96.0, 71.0, 8, 'r']"
1262,"[99.0, 69.0, 10, 'r']"
1263,"[111.0, 88.0, 13, 'r']"
1264,"[111.0, 88.0, 15, 'r']"
1265,"[100.0, 79.0, 11, 'r']"
1266,"[96.0, 94.0, 38, 'r']"
1267,"[101.0, 69.0, 24, 'r']"
1268,"[101.0, 78.0, 12, 'r']"
1269,"[96.0, 69.0, 130, 'r']"
1270,"[77.0, 97.0, 30, 'r']"
1271,"[117.0, 83.0, 64, 'r']"
1272,"[100.0, 100.0, 47, 'r']"
1273,"[111.0, 88.0, 12, 'r']"
1274,"[96.0, 89.0, 9, 'r']"
1276,"[96.0, 98.0, 16, 'r']"
1277,"[97.0, 92.0, 13, 'r']"
1278,"[78.0, 94.0, 6, 'r']"
1279,"[100.0, 100.0, 9, 'r']"
1280,"[95.0, 92.0, 11, 'r']"
1281,"[119.0, 78.0, 10, 'r']"
1282,"[100.0, 78.0, 13, 'r']"
1283,"[78.0, 100.0, 59, 'r']"
1284,"[108.0, 88.0, 29, 'r']"
1285,"[118.0, 79.0, 10, 'r']"
1286,"[108.0, 88.0, 11, 'r']"
1287,"[107.0, 76.0, 10, 'r']"
1288,"[100.0, 101.0, 12, 'r']"
1290,"[113.0, 91.0, 6, 'r']"
1291,"[111.0, 88.0, 9, 'r']"
1292,"[117.0, 83.0, 11, 'r']"
1293,"[112.0, 80.0, 11, 'r']"
1294,"[103.0, 100.0, 56, 'r']"
1295,"[77.0, 99.0, 11, 'r']"
1296,"[101.0, 100.0, 5, 'r']"
1297,"[120.0, 77.0, 44, 'r']"
1298,"[117.0, 83.0, 13, 'r']"
1299,"[96.0, 100.0, 14, 'r']"
1300,"[105.0, 98.0, 30, 'r']"
1301,"[111.0, 88.0, 16, 'r']"
1302,"[113.0, 91.0, 6, 'r']"
1303,"[101.0, 83.0, 8, 'r']"
1304,"[96.0, 68.0, 12, 'r']"
1305,"[100.0, 78.0, 10, 'r']"
1306,"[105.0, 97.0, 41, 'r']"
1307,"[96.0, 94.0, 16, 'r']"
1308,"[102.0, 79.0, 12, 'r']"
1309,"[113.0, 91.0, 6, 'r']"
1310,"[111.0, 88.0, 14, 'r']"
1311,"[105.0, 74.0, 46, 'r']"
1313,"[118.0, 83.0, 14, 'r']"
1314,"[108.0, 95.0, 13, 'r']"
1315,"[111.0, 78.0, 13, 'r']"
1316,"[111.0, 78.0, 13, 'r']"
1317,"[76.0, 99.0, 328, 'r']"
1319,"[78.0, 100.0, 153, 'r']"
1320,"[105.0, 97.0, 60, 'r']"
1321,"[76.0, 99.0, 859, 'r']"
1322,"[96.0, 71.0, 172, 'r']"
1323,"[107.0, 76.0, 18, 'r']"
1324,"[93.0, 98.0, 66, 'r']"
1325,"[93.0, 97.0, 113, 'r']"
1327,"[96.0, 100.0, 12, 'r']"
1328,"[96.0, 100.0, 12, 'r']"
1329,"[108.0, 89.0, 12, 'r']"
1330,"[108.0, 89.0, 11, 'r']"
1331,"[108.0, 89.0, 11, 'r']"
1332,"[95.0, 97.0, 18, 'r']"
1333,"[107.0, 76.0, 42, 'r']"
1337,"[109.0, 99.0, 274, 'r']"
1338,"[104.0, 126.0, 480, 'r']"
1339,"[99.0, 106.0, 20, 'r']"
1340,"[101.0, 114.0, 19, 'r']"
1341,"[101.0, 113.0, 28, 'r']"
1342,"[103.0, 114.0, 295, 'r']"
1343,"[108.0, 108.0, 149, 'r']"
1344,"[101.0, 123.0, 19, 'r']"
1345,"[107.0, 109.0, 8, 'r']"
1346,"[106.0, 126.0, 371, 'r']"
1347,"[100.0, 117.0, 152, 'r']"
1348,"[100.0, 117.0, 24, 'r']"
1349,"[111.0, 115.0, 20, 'r']"
1350,"[108.0, 106.0, 106, 'r']"
1351,"[111.0, 109.0, 20, 'r']"
1352,"[106.0, 119.0, 16, 'r']"
1353,"[111.0, 102.0, 8, 'r']"
1354,"[100.0, 113.0, 18, 'r']"
1355,"[106.0, 118.0, 14, 'r']"
1360,"[124.0, 142.0, 22, 'r']"
1361,"[103.0, 141.0, 26, 'r']"
1362,"[106.0, 120.0, 391, 'r']"
1363,"[105.0, 121.0, 71, 'r']"
1364,"[106.0, 121.0, 161, 'r']"
1365,"[121.0, 142.0, 15, 'r']"
1366,"[118.0, 143.0, 21, 'r']"
1367,"[105.0, 122.0, 5, 'r']"
1368,"[120.0, 143.0, 10, 'r']"
1369,"[105.0, 122.0, 7, 'r']"
1370,"[103.0, 141.0, 327, 'r']"
1371,"[105.0, 122.0, 5, 'r']"
1372,"[135.0, 153.0, 17, 'r']"
1373,"[103.0, 122.0, 41, 'r']"
1374,"[105.0, 122.0, 5, 'r']"
1375,"[101.0, 141.0, 15, 'r']"
1376,"[106.0, 121.0, 15, 'r']"
1377,"[129.0, 152.0, 16, 'r']"
1378,"[122.0, 149.0, 13, 'r']"
1379,"[103.0, 121.0, 2452, 'r']"
1380,"[128.0, 152.0, 12, 'r']"
1381,"[126.0, 153.0, 19, 'r']"
1382,"[101.0, 141.0, 164, 'r']"
1383,"[126.0, 152.0, 44, 'r']"
1384,"[105.0, 122.0, 7, 'r']"
1385,"[120.0, 143.0, 11, 'r']"
1386,"[133.0, 153.0, 13, 'r']"
1387,"[103.0, 120.0, 430, 'r']"
1388,"[120.0, 143.0, 11, 'r']"
1389,"[105.0, 122.0, 8, 'r']"
1390,"[103.0, 121.0, 9, 'r']"
1391,"[121.0, 153.0, 10, 'r']"
1392,"[111.0, 139.0, 244, 'r']"
1393,"[103.0, 120.0, 24, 'r']"
1394,"[135.0, 153.0, 20, 'r']"
1395,"[126.0, 153.0, 15, 'r']"
1396,"[103.0, 122.0, 37, 'r']"
1397,"[120.0, 139.0, 18, 'r']"
1398,"[105.0, 120.0, 16, 'r']"
1399,"[101.0, 141.0, 536, 'r']"
1400,"[106.0, 121.0, 22, 'r']"
1401,"[118.0, 132.0, 5, 'r']"
1402,"[129.0, 152.0, 17, 'r']"
1403,"[105.0, 121.0, 25, 'r']"
1404,"[104.0, 120.0, 1121, 'r']"
1405,"[118.0, 147.0, 11, 'r']"
1406,"[130.0, 151.0, 11, 'r']"
1407,"[113.0, 141.0, 12, 'r']"
1408,"[105.0, 122.0, 5, 'r']"
1409,"[134.0, 153.0, 18, 'r']"
1410,"[111.0, 142.0, 70, 'r']"
1411,"[103.0, 122.0, 164, 'r']"
1412,"[118.0, 141.0, 11, 'r']"
1413,"[112.0, 131.0, 12, 'r']"
1414,"[103.0, 120.0, 272, 'r']"
1416,"[135.0, 153.0, 18, 'r']"
1417,"[103.0, 139.0, 408, 'r']"
1421,"[106.0, 122.0, 5, 'r']"
1424,"[130.0, 111.0, 33, 'r']"
1425,"[129.0, 116.0, 20, 'r']"
1426,"[122.0, 79.0, 84, 'r']"
1427,"[129.0, 116.0, 28, 'r']"
1428,"[126.0, 97.0, 24, 'r']"
1429,"[123.0, 77.0, 17, 'r']"
1430,"[126.0, 78.0, 27, 'r']"
1431,"[129.0, 115.0, 28, 'r']"
1432,"[140.0, 118.0, 44, 'r']"
1433,"[127.0, 79.0, 13, 'r']"
1434,"[140.0, 113.0, 22, 'r']"
1435,"[121.0, 77.0, 6, 'r']"
1436,"[139.0, 117.0, 37, 'r']"
1437,"[131.0, 110.0, 13, 'r']"
1438,"[130.0, 115.0, 23, 'r']"
1439,"[130.0, 112.0, 34, 'r']"
1441,"[139.0, 115.0, 23, 'r']"
1442,"[127.0, 79.0, 13, 'r']"
1443,"[139.0, 116.0, 35, 'r']"
1444,"[131.0, 103.0, 17, 'r']"
1445,"[123.0, 77.0, 23, 'r']"
1446,"[130.0, 115.0, 49, 'r']"
1447,"[129.0, 113.0, 30, 'r']"
1448,"[123.0, 77.0, 20, 'r']"
1449,"[130.0, 114.0, 28, 'r']"
1450,"[125.0, 90.0, 14, 'r']"
1451,"[123.0, 77.0, 26, 'r']"
1452,"[126.0, 78.0, 21, 'r']"
1453,"[125.0, 98.0, 21, 'r']"
1454,"[121.0, 77.0, 20, 'r']"
1455,"[140.0, 120.0, 19, 'r']"
1456,"[140.0, 120.0, 17, 'r']"
1457,"[140.0, 120.0, 28, 'r']"
1458,"[129.0, 115.0, 35, 'r']"
1459,"[139.0, 114.0, 28, 'r']"
1460,"[139.0, 113.0, 35, 'r']"
1461,"[140.0, 109.0, 22, 'r']"
1462,"[140.0, 119.0, 32, 'r']"
1465,"[103.0, 51.0, 225, 'r']"
1466,"[102.0, 55.0, 7, 'r']"
1467,"[65.0, 88.0, 8, 'r']"
1468,"[66.0, 67.0, 7, 'r']"
1469,"[65.0, 68.0, 12, 'r']"
1470,"[103.0, 55.0, 9, 'r']"
1471,"[103.0, 54.0, 18, 'r']"
1472,"[103.0, 49.0, 27, 'r']"
1473,"[83.0, 60.0, 11, 'r']"
1474,"[70.0, 61.0, 11, 'r']"
1475,"[65.0, 67.0, 19, 'r']"
1476,"[96.0, 68.0, 26, 'r']"
1477,"[67.0, 70.0, 11, 'r']"
1478,"[65.0, 67.0, 23, 'r']"
1479,"[78.0, 56.0, 12, 'r']"
1480,"[92.0, 58.0, 7, 'r']"
1481,"[103.0, 55.0, 10, 'r']"
1482,"[68.0, 63.0, 7, 'r']"
1483,"[68.0, 63.0, 9, 'r']"
1484,"[106.0, 53.0, 9, 'r']"
1485,"[103.0, 49.0, 234, 'r']"
1487,"[65.0, 88.0, 15, 'r']"
1488,"[109.0, 49.0, 91, 'r']"
1489,"[102.0, 55.0, 43, 'r']"
1490,"[70.0, 61.0, 16, 'r']"
1491,"[103.0, 55.0, 8, 'r']"
1492,"[102.0, 55.0, 7, 'r']"
1493,"[73.0, 61.0, 14, 'r']"
1494,"[65.0, 87.0, 24, 'r']"
1495,"[108.0, 56.0, 22, 'r']"
1497,"[92.0, 58.0, 9, 'r']"
1498,"[106.0, 53.0, 9, 'r']"
1499,"[108.0, 56.0, 10, 'r']"
1500,"[65.0, 88.0, 11, 'r']"
1501,"[104.0, 49.0, 12, 'r']"
1503,"[105.0, 48.0, 11, 'r']"
1504,"[106.0, 56.0, 9, 'r']"
1505,"[77.0, 60.0, 10, 'r']"
1506,"[102.0, 54.0, 17, 'r']"
1507,"[75.0, 57.0, 9, 'r']"
1508,"[74.0, 66.0, 13, 'r']"
1509,"[65.0, 89.0, 11, 'r']"
1511,"[103.0, 54.0, 31, 'r']"
1512,"[104.0, 48.0, 25, 'r']"
1513,"[104.0, 49.0, 11, 'r']"
1514,"[83.0, 63.0, 15, 'r']"
1515,"[68.0, 64.0, 11, 'r']"
1516,"[64.0, 74.0, 15, 'r']"
1517,"[75.0, 56.0, 12, 'r']"
1518,"[102.0, 54.0, 15, 'r']"
1519,"[65.0, 91.0, 17, 'r']"
1520,"[104.0, 50.0, 41, 'r']"
1521,"[69.0, 68.0, 20, 'r']"
1522,"[105.0, 48.0, 31, 'r']"
1525,"[108.0, 56.0, 10, 'r']"
1526,"[109, 46, 215, 'e']"
1527,"[66.0, 69.0, 10, 'r']"
1528,"[65.0, 88.0, 13, 'r']"
1529,"[92.0, 58.0, 5, 'r']"
1530,"[102.0, 56.0, 13, 'r']"
1531,"[75.0, 132.0, 6, 'r']"
1532,"[75.0, 132.0, 6, 'r']"
1533,"[89.0, 125.0, 17, 'r']"
1534,"[72.0, 134.0, 17, 'r']"
1535,"[81.0, 124.0, 11, 'r']"
1536,"[76.0, 131.0, 6, 'r']"
1537,"[76.0, 129.0, 95, 'r']"
1538,"[78.0, 130.0, 6, 'r']"
1539,"[85.0, 135.0, 19, 'r']"
1540,"[87.0, 126.0, 13, 'r']"
1541,"[75.0, 132.0, 6, 'r']"
1542,"[89.0, 125.0, 14, 'r']"
1543,"[94.0, 123.0, 9, 'r']"
1544,"[72.0, 134.0, 5, 'r']"
1545,"[78.0, 129.0, 7, 'r']"
1546,"[79.0, 128.0, 23, 'r']"
1547,"[80.0, 127.0, 6, 'r']"
1548,"[90.0, 128.0, 5, 'r']"
1549,"[75.0, 128.0, 31, 'r']"
1550,"[92.0, 124.0, 9, 'r']"
1552,"[73.0, 133.0, 7, 'r']"
1553,"[83.0, 117.0, 31, 'r']"
1554,"[81.0, 125.0, 5, 'r']"
1555,"[84.0, 133.0, 64, 'r']"
1556,"[75.0, 133.0, 7, 'r']"
1557,"[94.0, 123.0, 9, 'r']"
1558,"[71.0, 133.0, 25, 'r']"
1559,"[82.0, 117.0, 15, 'r']"
1560,"[80.0, 127.0, 7, 'r']"
1561,"[82.0, 134.0, 21, 'r']"
1562,"[91.0, 124.0, 9, 'r']"
1563,"[72.0, 133.0, 18, 'r']"
1564,"[75.0, 132.0, 6, 'r']"
1565,"[78.0, 131.0, 7, 'r']"
1566,"[87.0, 130.0, 19, 'r']"
1567,"[89.0, 125.0, 15, 'r']"
1568,"[72.0, 133.0, 21, 'r']"
1569,"[76.0, 131.0, 6, 'r']"
1570,"[76.0, 130.0, 5, 'r']"
1571,"[79.0, 127.0, 5, 'r']"
1572,"[81.0, 133.0, 5, 'r']"
1573,"[81.0, 125.0, 6, 'r']"
1574,"[85.0, 134.0, 36, 'r']"
1575,"[85.0, 117.0, 19, 'r']"
1576,"[79.0, 128.0, 5, 'r']"
1577,"[81.0, 134.0, 25, 'r']"
1578,"[82.0, 132.0, 6, 'r']"
1580,"[77.0, 132.0, 5, 'r']"
1582,"[115.0, 45.0, 17, 'r']"
1583,"[115.0, 45.0, 18, 'r']"
1584,"[117.0, 45.0, 16, 'r']"
1585,"[111.0, 52.0, 23, 'r']"
1587,"[126.0, 56.0, 285, 'r']"
1588,"[136.0, 41.0, 22, 'r']"
1589,"[141.0, 40.0, 58, 'r']"
1590,"[135.0, 47.0, 17, 'r']"
1591,"[111.0, 41.0, 22, 'r']"
1592,"[114.0, 44.0, 14, 'r']"
1593,"[117.0, 45.0, 60, 'r']"
1594,"[129.0, 42.0, 28, 'r']"
1595,"[138.0, 56.0, 295, 'r']"
1596,"[144.0, 43.0, 28, 'r']"
1597,"[140.0, 58.0, 16, 'r']"
1598,"[156.0, 78.0, 12, 'r']"
1599,"[130.0, 43.0, 13, 'r']"
1600,"[112.0, 40.0, 25, 'r']"
1601,"[120.0, 40.0, 79, 'r']"
1602,"[134.0, 41.0, 14, 'r']"
1603,"[113.0, 49.0, 14, 'r']"
1604,"[136.0, 42.0, 17, 'r']"
1605,"[144.0, 44.0, 9, 'r']"
1606,"[140.0, 56.0, 21, 'r']"
1607,"[140.0, 58.0, 13, 'r']"
1608,"[119.0, 44.0, 32, 'r']"
1609,"[121.0, 48.0, 17, 'r']"
1611,"[137.0, 51.0, 37, 'r']"
1612,"[139, 58, 266, 'e']"
1613,"[162.0, 55.0, 27, 'r']"
1614,"[111.0, 41.0, 23, 'r']"
1615,"[117.0, 45.0, 31, 'r']"
1616,"[113.0, 49.0, 21, 'r']"
1618,"[126.0, 58.0, 198, 'r']"
1619,"[141.0, 42.0, 14, 'r']"
1620,"[147.0, 46.0, 11, 'r']"
1621,"[141.0, 55.0, 24, 'r']"
1622,"[158.0, 53.0, 26, 'r']"
1623,"[159.0, 52.0, 11, 'r']"
1624,"[128.0, 45.0, 24, 'r']"
1625,"[129.0, 52.0, 16, 'r']"
1626,"[130.0, 41.0, 22, 'r']"
1627,"[130.0, 41.0, 22, 'r']"
1628,"[117.0, 45.0, 14, 'r']"
1629,"[112.0, 51.0, 297, 'r']"
1630,"[119.0, 45.0, 24, 'r']"
1631,"[121.0, 44.0, 27, 'r']"
1634,"[141.0, 66.0, 18, 'r']"
1635,"[157.0, 78.0, 10, 'r']"
1636,"[130.0, 44.0, 14, 'r']"
1637,"[130.0, 44.0, 16, 'r']"
1638,"[128.0, 45.0, 77, 'r']"
1639,"[127.0, 56.0, 43, 'r']"
1641,"[121.0, 42.0, 22, 'r']"
1642,"[121.0, 42.0, 21, 'r']"
1643,"[117.0, 45.0, 28, 'r']"
1644,"[122.0, 44.0, 22, 'r']"
1645,"[122.0, 50.0, 621, 'r']"
1647,"[142.0, 42.0, 25, 'r']"
1648,"[152.0, 52.0, 21, 'r']"
1649,"[140.0, 58.0, 14, 'r']"
1650,"[140.0, 63.0, 17, 'r']"
1651,"[141.0, 66.0, 18, 'r']"
1652,"[140.0, 64.0, 329, 'r']"
1653,"[130.0, 44.0, 15, 'r']"
1654,"[130.0, 45.0, 69, 'r']"
1655,"[111.0, 41.0, 19, 'r']"
1657,"[114.0, 44.0, 14, 'r']"
1658,"[115.0, 45.0, 18, 'r']"
1659,"[113.0, 49.0, 15, 'r']"
1660,"[114, 41, 1214, 'e']"
1661,"[136.0, 41.0, 15, 'r']"
1662,"[136.0, 42.0, 14, 'r']"
1663,"[139.0, 55.0, 41, 'r']"
1664,"[130.0, 46.0, 23, 'r']"
1665,"[131.0, 47.0, 19, 'r']"
1667,"[109.0, 44.0, 129, 'r']"
1670,"[84.0, 53.0, 21, 'r']"
1671,"[87.0, 50.0, 6, 'r']"
1672,"[88.0, 51.0, 7, 'r']"
1673,"[87.0, 51.0, 7, 'r']"
1674,"[83.0, 49.0, 115, 'r']"
1675,"[85.0, 50.0, 5, 'r']"
1677,"[82.0, 52.0, 23, 'r']"
1678,"[87.0, 51.0, 7, 'r']"
1679,"[88.0, 49.0, 5, 'r']"
1680,"[85.0, 46.0, 15, 'r']"
1681,"[86.0, 46.0, 19, 'r']"
1682,"[86.0, 46.0, 31, 'r']"
1683,"[86.0, 46.0, 10, 'r']"
1684,"[88.0, 50.0, 6, 'r']"
1685,"[83.0, 49.0, 5, 'r']"
1686,"[89.0, 52.0, 5, 'r']"
1687,"[87.0, 50.0, 5, 'r']"
1688,"[88.0, 51.0, 6, 'r']"
1689,"[87.0, 51.0, 8, 'r']"
1690,"[88.0, 52.0, 5, 'r']"
1691,"[84.0, 49.0, 6, 'r']"
1692,"[82.0, 51.0, 340, 'r']"
1693,"[86.0, 50.0, 6, 'r']"
1694,"[84.0, 52.0, 400, 'r']"
1695,"[88.0, 50.0, 7, 'r']"
1696,"[84.0, 48.0, 6, 'r']"
1697,"[88.0, 51.0, 6, 'r']"
1698,"[84.0, 50.0, 5, 'r']"
1699,"[87.0, 51.0, 5, 'r']"
1700,"[85.0, 52.0, 30, 'r']"
1701,"[85.0, 53.0, 31, 'r']"
1702,"[87.0, 51.0, 9, 'r']"
1703,"[84.0, 48.0, 7, 'r']"
1704,"[88.0, 51.0, 5, 'r']"
1705,"[84.0, 49.0, 5, 'r']"
1706,"[85.0, 53.0, 27, 'r']"
1707,"[87.0, 50.0, 19, 'r']"
1709,"[85.0, 46.0, 11, 'r']"
1710,"[87.0, 51.0, 5, 'r']"
1711,"[86.0, 46.0, 9, 'r']"
1712,"[88.0, 51.0, 8, 'r']"
1713,"[86.0, 46.0, 17, 'r']"
1714,"[84.0, 48.0, 36, 'r']"
1715,"[84.0, 49.0, 5, 'r']"
1716,"[82.0, 52.0, 5, 'r']"
1717,"[88.0, 51.0, 5, 'r']"
1718,"[87.0, 51.0, 5, 'r']"
1719,"[84.0, 49.0, 5, 'r']"
1720,"[86.0, 49.0, 10, 'r']"
1721,"[86.0, 50.0, 6, 'r']"
1722,"[82.0, 52.0, 15, 'r']"
1723,"[87.0, 50.0, 5, 'r']"
1724,"[88.0, 51.0, 5, 'r']"
1725,"[87.0, 51.0, 5, 'r']"
1726,"[83.0, 49.0, 5, 'r']"
1727,"[87.0, 52.0, 5, 'r']"
1728,"[84.0, 50.0, 5, 'r']"
1729,"[86.0, 50.0, 5, 'r']"
1730,"[84.0, 52.0, 156, 'r']"
1732,"[87.0, 124.0, 16, 'r']"
1733,"[83.0, 124.0, 6, 'r']"
1734,"[85.0, 118.0, 5, 'r']"
1735,"[85.0, 119.0, 7, 'r']"
1736,"[85.0, 124.0, 5, 'r']"
1737,"[83.0, 122.0, 6, 'r']"
1738,"[84.0, 119.0, 5, 'r']"
1739,"[84.0, 118.0, 22, 'r']"
1740,"[85.0, 117.0, 45, 'r']"
1741,"[88.0, 123.0, 1101, 'r']"
1742,"[87.0, 124.0, 26, 'r']"
1743,"[82.0, 124.0, 5, 'r']"
1744,"[82, 124, 1089, 'e']"
1745,"[84.0, 119.0, 8, 'r']"
1746,"[85.0, 118.0, 6, 'r']"
1747,"[85.0, 118.0, 8, 'r']"
1748,"[85.0, 125.0, 9, 'r']"
1749,"[85.0, 118.0, 5, 'r']"
1750,"[83.0, 122.0, 11, 'r']"
1751,"[83.0, 121.0, 7, 'r']"
1752,"[85.0, 118.0, 5, 'r']"
1753,"[85.0, 118.0, 7, 'r']"
1754,"[85.0, 118.0, 7, 'r']"
1756,"[83.0, 122.0, 6, 'r']"
1757,"[84.0, 119.0, 5, 'r']"
1758,"[85.0, 119.0, 5, 'r']"
1759,"[87.0, 125.0, 11, 'r']"
1761,"[87.0, 125.0, 958, 'r']"
1762,"[85.0, 119.0, 12, 'r']"
1763,"[87.0, 124.0, 5, 'r']"
1765,"[84.0, 119.0, 5, 'r']"
1766,"[85.0, 119.0, 5, 'r']"
1767,"[82.0, 126.0, 8, 'r']"
1768,"[87.0, 125.0, 6, 'r']"
1769,"[85.0, 118.0, 7, 'r']"
1770,"[82.0, 124.0, 6, 'r']"
1771,"[82.0, 123.0, 74, 'r']"
1772,"[82.0, 124.0, 5, 'r']"
1773,"[85.0, 117.0, 32, 'r']"
1774,"[85.0, 118.0, 9, 'r']"
1776,"[43.0, 116.0, 13, 'r']"
1777,"[29.0, 115.0, 15, 'r']"
1779,"[28.0, 115.0, 67, 'r']"
1781,"[75.0, 23.0, 21, 'r']"
1782,"[47.0, 34.0, 11, 'r']"
1783,"[47.0, 34.0, 12, 'r']"
1784,"[59.0, 38.0, 15, 'r']"
1785,"[53.0, 43.0, 14, 'r']"
1786,"[64.0, 45.0, 10, 'r']"
1787,"[47.0, 56.0, 86, 'r']"
1789,"[59.0, 40.0, 11, 'r']"
1790,"[46.0, 34.0, 19, 'r']"
1791,"[46.0, 34.0, 31, 'r']"
1792,"[64.0, 28.0, 54, 'r']"
1793,"[70.0, 27.0, 120, 'r']"
1794,"[62.0, 48.0, 20, 'r']"
1795,"[46.0, 34.0, 60, 'r']"
1796,"[62.0, 48.0, 78, 'r']"
1797,"[50.0, 43.0, 14, 'r']"
1798,"[63.0, 28.0, 58, 'r']"
1799,"[56.0, 40.0, 33, 'r']"
1800,"[47.0, 56.0, 18, 'r']"
1801,"[47.0, 34.0, 12, 'r']"
1802,"[57, 40, 96, 'e']"
1803,"[52.0, 43.0, 12, 'r']"
1804,"[70.0, 45.0, 7, 'r']"
1805,"[46.0, 46.0, 12, 'r']"
1806,"[59.0, 38.0, 14, 'r']"
1807,"[55.0, 41.0, 44, 'r']"
1809,"[47.0, 34.0, 12, 'r']"
1810,"[75.0, 24.0, 21, 'r']"
1811,"[69.0, 45.0, 13, 'r']"
1812,"[68.0, 29.0, 16, 'r']"
1813,"[56.0, 53.0, 18, 'r']"
1814,"[71.0, 44.0, 13, 'r']"
1815,"[47.0, 34.0, 32, 'r']"
1816,"[47.0, 34.0, 16, 'r']"
1817,"[70.0, 30.0, 13, 'r']"
1818,"[46.0, 34.0, 13, 'r']"
1821,"[71.0, 30.0, 7, 'r']"
1822,"[47.0, 34.0, 10, 'r']"
1823,"[59.0, 38.0, 20, 'r']"
1824,"[63.0, 37.0, 13, 'r']"
1825,"[49.0, 32.0, 6, 'r']"
1826,"[46.0, 34.0, 18, 'r']"
1827,"[67.0, 24.0, 18, 'r']"
1828,"[64.0, 45.0, 10, 'r']"
1829,"[69.0, 45.0, 36, 'r']"
1830,"[75.0, 23.0, 4, 'r']"
1831,"[71.0, 45.0, 15, 'r']"
1832,"[55.0, 53.0, 27, 'r']"
1833,"[45.0, 48.0, 23, 'r']"
1834,"[61.0, 36.0, 58, 'r']"
1835,"[75.0, 23.0, 44, 'r']"
1836,"[45.0, 48.0, 33, 'r']"
1837,"[42.0, 36.0, 15, 'r']"
1838,"[42.0, 39.0, 8, 'r']"
1839,"[63.0, 28.0, 15, 'r']"
1840,"[54.0, 45.0, 15, 'r']"
1841,"[50.0, 43.0, 16, 'r']"
1842,"[74.0, 25.0, 21, 'r']"
1843,"[46.0, 47.0, 18, 'r']"
1844,"[42.0, 39.0, 11, 'r']"
1845,"[75.0, 24.0, 14, 'r']"
1846,"[59.0, 38.0, 13, 'r']"
1847,"[46.0, 33.0, 6, 'r']"
1848,"[40.0, 36.0, 5, 'r']"
1849,"[50.0, 43.0, 21, 'r']"
1850,"[40.0, 36.0, 5, 'r']"
1851,"[47.0, 34.0, 23, 'r']"
1852,"[46.0, 34.0, 45, 'r']"
1853,"[75.0, 24.0, 13, 'r']"
1854,"[55.0, 53.0, 49, 'r']"
1855,"[46.0, 56.0, 14, 'r']"
1856,"[53.0, 49.0, 12, 'r']"
1857,"[69.0, 45.0, 21, 'r']"
1858,"[47.0, 34.0, 13, 'r']"
1859,"[55.0, 53.0, 10, 'r']"
1860,"[62.0, 28.0, 15, 'r']"
1861,"[62, 32, 317, 'r']"
1862,"[47.0, 34.0, 16, 'r']"
1863,"[51.0, 43.0, 21, 'r']"
1864,"[50.0, 43.0, 20, 'r']"
1865,"[45.0, 56.0, 146, 'r']"
1866,"[66.0, 39.0, 12, 'r']"
1868,"[46.0, 34.0, 15, 'r']"
1869,"[40.0, 54.0, 44, 'r']"
1871,"[34.0, 49.0, 5, 'r']"
1872,"[41.0, 52.0, 17, 'r']"
1873,"[40.0, 54.0, 15, 'r']"
1874,"[39.0, 43.0, 14, 'r']"
1875,"[40.0, 43.0, 5, 'r']"
1876,"[40.0, 54.0, 67, 'r']"
1877,"[34.0, 50.0, 7, 'r']"
1878,"[33.0, 47.0, 43, 'r']"
1879,"[37.0, 46.0, 89, 'r']"
1880,"[35.0, 52.0, 21, 'r']"
1881,"[40.0, 54.0, 125, 'r']"
1882,"[34.0, 49.0, 10, 'r']"
1883,"[38.0, 43.0, 5, 'r']"
1884,"[33.0, 47.0, 8, 'r']"
1887,"[12.0, 75.0, 10, 'r']"
1888,"[12.0, 75.0, 16, 'r']"
1889,"[12.0, 75.0, 17, 'r']"
1890,"[8.0, 51.0, 27, 'r']"
1891,"[12.0, 74.0, 26, 'r']"
1892,"[11.0, 69.0, 18, 'r']"
1893,"[5.0, 63.0, 29, 'r']"
1894,"[5.0, 63.0, 15, 'r']"
1895,"[29.0, 54.0, 15, 'r']"
1896,"[36.0, 68.0, 28, 'r']"
1897,"[23.0, 61.0, 11, 'r']"
1898,"[5.0, 63.0, 82, 'r']"
1899,"[23.0, 61.0, 9, 'r']"
1900,"[26.0, 64.0, 14, 'r']"
1901,"[12.0, 74.0, 55, 'r']"
1902,"[27.0, 54.0, 12, 'r']"
1903,"[44.0, 50.0, 14, 'r']"
1904,"[23.0, 61.0, 33, 'r']"
1905,"[12.0, 75.0, 9, 'r']"
1906,"[30.0, 61.0, 12, 'r']"
1907,"[30.0, 62.0, 12, 'r']"
1908,"[5.0, 64.0, 13, 'r']"
1909,"[11.0, 54.0, 15, 'r']"
1910,"[6.0, 63.0, 23, 'r']"
1911,"[11.0, 54.0, 9, 'r']"
1912,"[12.0, 74.0, 30, 'r']"
1913,"[5.0, 64.0, 12, 'r']"
1914,"[5.0, 64.0, 26, 'r']"
1915,"[23.0, 61.0, 10, 'r']"
1916,"[23.0, 61.0, 14, 'r']"
1917,"[13.0, 72.0, 11, 'r']"
1919,"[7.0, 61.0, 35, 'r']"
1920,"[11.0, 69.0, 28, 'r']"
1921,"[36.0, 68.0, 21, 'r']"
1922,"[13, 70, 42, 'e']"
1923,"[25.0, 62.0, 10, 'r']"
1924,"[44.0, 49.0, 43, 'r']"
1925,"[29.0, 54.0, 15, 'r']"
1926,"[23.0, 61.0, 9, 'r']"
1927,"[26.0, 64.0, 35, 'r']"
1928,"[12.0, 74.0, 19, 'r']"
1929,"[5.0, 63.0, 201, 'r']"
1930,"[23.0, 61.0, 23, 'r']"
1931,"[11.0, 54.0, 21, 'r']"
1934,"[31.0, 114.0, 17, 'r']"
1935,"[19.0, 82.0, 13, 'r']"
1936,"[31.0, 114.0, 21, 'r']"
1937,"[38.0, 90.0, 69, 'r']"
1938,"[24.0, 83.0, 10, 'r']"
1939,"[36.0, 90.0, 24, 'r']"
1940,"[34.0, 97.0, 26, 'r']"
1941,"[36.0, 90.0, 35, 'r']"
1942,"[34.0, 99.0, 18, 'r']"
1943,"[41.0, 114.0, 28, 'r']"
1944,"[41.0, 113.0, 43, 'r']"
1945,"[38.0, 110.0, 20, 'r']"
1946,"[20.0, 75.0, 41, 'r']"
1947,"[36.0, 90.0, 18, 'r']"
1948,"[38.0, 110.0, 9, 'r']"
1949,"[19.0, 85.0, 18, 'r']"
1950,"[38.0, 110.0, 6, 'r']"
1951,"[31.0, 114.0, 13, 'r']"
1952,"[16.0, 88.0, 39, 'r']"
1953,"[26.0, 83.0, 23, 'r']"
1954,"[31.0, 114.0, 14, 'r']"
1955,"[29.0, 90.0, 11, 'r']"
1956,"[36.0, 91.0, 5, 'r']"
1957,"[37.0, 96.0, 12, 'r']"
1958,"[25.0, 87.0, 10, 'r']"
1959,"[30.0, 84.0, 11, 'r']"
1960,"[36.0, 110.0, 17, 'r']"
1961,"[16.0, 88.0, 6, 'r']"
1962,"[32.0, 93.0, 11, 'r']"
1963,"[30.0, 114.0, 16, 'r']"
1964,"[37.0, 100.0, 7, 'r']"
1965,"[19.0, 86.0, 29, 'r']"
1966,"[19.0, 85.0, 22, 'r']"
1967,"[37.0, 100.0, 7, 'r']"
1968,"[36.0, 103.0, 39, 'r']"
1969,"[36.0, 103.0, 18, 'r']"
1970,"[36.0, 103.0, 12, 'r']"
1971,"[33.0, 112.0, 46, 'r']"
1972,"[42.0, 114.0, 37, 'r']"
1974,"[26.0, 79.0, 42, 'r']"
1975,"[26.0, 81.0, 9, 'r']"
1976,"[38.0, 90.0, 27, 'r']"
1977,"[34.0, 101.0, 14, 'r']"
1978,"[32.0, 93.0, 12, 'r']"
1979,"[24.0, 83.0, 128, 'r']"
1980,"[22.0, 77.0, 59, 'r']"
1981,"[16.0, 88.0, 25, 'r']"
1982,"[16.0, 88.0, 12, 'r']"
1983,"[16.0, 78.0, 142, 'r']"
1984,"[36.0, 106.0, 13, 'r']"
1985,"[23.0, 76.0, 9, 'r']"
1986,"[26.0, 78.0, 15, 'r']"
1987,"[23.0, 76.0, 10, 'r']"
1988,"[24.0, 90.0, 19, 'r']"
1989,"[41.0, 111.0, 156, 'r']"
1990,"[24.0, 90.0, 49, 'r']"
1991,"[23.0, 76.0, 9, 'r']"
1992,"[31.0, 114.0, 17, 'r']"
1993,"[38.0, 90.0, 41, 'r']"
1994,"[24.0, 90.0, 58, 'r']"
1995,"[17.0, 88.0, 6, 'r']"
1996,"[31.0, 114.0, 16, 'r']"
1997,"[32.0, 112.0, 304, 'r']"
1998,"[36.0, 102.0, 15, 'r']"
1999,"[31.0, 114.0, 14, 'r']"
2000,"[35.0, 110.0, 21, 'r']"
2001,"[33.0, 110.0, 202, 'r']"
2002,"[16.0, 89.0, 20, 'r']"
2003,"[25.0, 89.0, 17, 'r']"
2004,"[34.0, 97.0, 20, 'r']"
2005,"[34.0, 99.0, 51, 'r']"
2006,"[22.0, 80.0, 39, 'r']"
2007,"[41.0, 112.0, 37, 'r']"
2008,"[35.0, 90.0, 30, 'r']"
2009,"[37.0, 100.0, 7, 'r']"
2010,"[36.0, 90.0, 76, 'r']"
2011,"[42.0, 112.0, 35, 'r']"
2012,"[18.0, 87.0, 10, 'r']"
2013,"[32.0, 93.0, 10, 'r']"
2014,"[37.0, 96.0, 14, 'r']"
2015,"[32.0, 93.0, 10, 'r']"
2016,"[34.0, 99.0, 75, 'r']"
2017,"[19.0, 75.0, 15, 'r']"
2018,"[34.0, 98.0, 23, 'r']"
2019,"[24.0, 90.0, 29, 'r']"
2020,"[37.0, 96.0, 13, 'r']"
2021,"[25.0, 87.0, 38, 'r']"
2022,"[34.0, 100.0, 24, 'r']"
2027,"[19.0, 85.0, 30, 'r']"
2028,"[22.0, 89.0, 39, 'r']"
2029,"[29.0, 91.0, 9, 'r']"
2030,"[29.0, 90.0, 9, 'r']"
2031,"[34.0, 98.0, 18, 'r']"
2032,"[23.0, 76.0, 60, 'r']"
2033,"[33.0, 106.0, 152, 'r']"
2034,"[31.0, 114.0, 14, 'r']"
2035,"[16.0, 75.0, 22, 'r']"
2038,"[205.0, 52.0, 5, 'r']"
2039,"[205.0, 52.0, 12, 'r']"
2040,"[203.0, 55.0, 124, 'r']"
2041,"[204.0, 53.0, 26, 'r']"
2042,"[204.0, 55.0, 11, 'r']"
2043,"[205.0, 53.0, 15, 'r']"
2044,"[204.0, 53.0, 42, 'r']"
2045,"[204.0, 51.0, 26, 'r']"
2046,"[203.0, 55.0, 21, 'r']"
2048,"[205.0, 53.0, 76, 'r']"
2049,"[205.0, 54.0, 73, 'r']"
2050,"[204.0, 53.0, 50, 'r']"
2051,"[204.0, 55.0, 16, 'r']"
2052,"[204.0, 55.0, 36, 'r']"
2053,"[204.0, 55.0, 15, 'r']"
2054,"[204.0, 55.0, 15, 'r']"
2055,"[204.0, 53.0, 43, 'r']"
2056,"[204.0, 55.0, 26, 'r']"
2057,"[205.0, 54.0, 24, 'r']"
2058,"[205.0, 53.0, 12, 'r']"
2059,"[206.0, 55.0, 17, 'r']"
2060,"[204.0, 55.0, 14, 'r']"
2061,"[205.0, 54.0, 34, 'r']"
2062,"[204.0, 55.0, 17, 'r']"
2063,"[205.0, 52.0, 5, 'r']"
2064,"[204.0, 51.0, 29, 'r']"
2065,"[204.0, 50.0, 347, 'r']"
2066,"[206.0, 54.0, 56, 'r']"
2067,"[204.0, 55.0, 16, 'r']"
2068,"[205.0, 53.0, 22, 'r']"
2070,"[204.0, 55.0, 25, 'r']"
2071,"[205.0, 53.0, 35, 'r']"
process time,29.325313091278076
